Workbook

Sheet Sheet1
A1: ECN | B1: Fecha | C1: Supplier | D1: Num | E1: Num 2 | F1: 1 | G1: 2
A2: 3 | B2: 2023-11-01 | C2: 33 | D2: =_xlfn.XLOOKUP(B2,Feuil1!A:A,Feuil1!D:D) -> 1 | E2: =_xlfn.XLOOKUP(B2,Feuil2!A:A,Feuil2!C:C) -> 1 | F2: =_xlfn.CONCAT("(",D2,",",A2,")") -> (1,3) | G2: =_xlfn.CONCAT("(",E2,",",A2,")") -> (1,3)
A3: 4 | B3: 2023-11-08 | C3: 33 | D3: =_xlfn.XLOOKUP(B3,Feuil1!A:A,Feuil1!D:D) -> 2 | E3: =_xlfn.XLOOKUP(B3,Feuil2!A:A,Feuil2!C:C) -> 2 | F3: =_xlfn.CONCAT("(",D3,",",A3,")") -> (2,4) | G3: =_xlfn.CONCAT("(",E3,",",A3,")") -> (2,4)
A4: 5 | B4: 2024-01-20 | C4: 33 | D4: =_xlfn.XLOOKUP(B4,Feuil1!A:A,Feuil1!D:D) -> 40 | E4: =_xlfn.XLOOKUP(B4,Feuil2!A:A,Feuil2!C:C) -> 40 | F4: =_xlfn.CONCAT("(",D4,",",A4,")") -> (40,5) | G4: =_xlfn.CONCAT("(",E4,",",A4,")") -> (40,5)
A5: 6 | B5: 2024-03-01 | C5: 33 | D5: =_xlfn.XLOOKUP(B5,Feuil1!A:A,Feuil1!D:D) -> 78 | E5: =_xlfn.XLOOKUP(B5,Feuil2!A:A,Feuil2!C:C) -> 67 | F5: =_xlfn.CONCAT("(",D5,",",A5,")") -> (78,6) | G5: =_xlfn.CONCAT("(",E5,",",A5,")") -> (67,6)
A6: 7 | B6: 2024-04-24 | C6: 33 | D6: =_xlfn.XLOOKUP(B6,Feuil1!A:A,Feuil1!D:D) -> 131 | E6: =_xlfn.XLOOKUP(B6,Feuil2!A:A,Feuil2!C:C) -> 70 | F6: =_xlfn.CONCAT("(",D6,",",A6,")") -> (131,7) | G6: =_xlfn.CONCAT("(",E6,",",A6,")") -> (70,7)
A7: 8 | B7: 2024-05-26 | C7: 33 | D7: =_xlfn.XLOOKUP(B7,Feuil1!A:A,Feuil1!D:D) -> 163 | E7: =_xlfn.XLOOKUP(B7,Feuil2!A:A,Feuil2!C:C) -> 73 | F7: =_xlfn.CONCAT("(",D7,",",A7,")") -> (163,8) | G7: =_xlfn.CONCAT("(",E7,",",A7,")") -> (73,8)
A8: 9 | B8: 2024-06-05 | C8: 33 | D8: =_xlfn.XLOOKUP(B8,Feuil1!A:A,Feuil1!D:D) -> 173 | E8: =_xlfn.XLOOKUP(B8,Feuil2!A:A,Feuil2!C:C) -> 75 | F8: =_xlfn.CONCAT("(",D8,",",A8,")") -> (173,9) | G8: =_xlfn.CONCAT("(",E8,",",A8,")") -> (75,9)
A9: 10 | B9: 2024-06-17 | C9: 33 | D9: =_xlfn.XLOOKUP(B9,Feuil1!A:A,Feuil1!D:D) -> 185 | E9: =_xlfn.XLOOKUP(B9,Feuil2!A:A,Feuil2!C:C) -> 76 | F9: =_xlfn.CONCAT("(",D9,",",A9,")") -> (185,10) | G9: =_xlfn.CONCAT("(",E9,",",A9,")") -> (76,10)
A10: 11 | B10: 2024-06-19 | C10: 33 | D10: =_xlfn.XLOOKUP(B10,Feuil1!A:A,Feuil1!D:D) -> 187 | E10: =_xlfn.XLOOKUP(B10,Feuil2!A:A,Feuil2!C:C) -> 77 | F10: =_xlfn.CONCAT("(",D10,",",A10,")") -> (187,11) | G10: =_xlfn.CONCAT("(",E10,",",A10,")") -> (77,11)
A11: 12 | B11: 2024-07-04 | C11: 33 | D11: =_xlfn.XLOOKUP(B11,Feuil1!A:A,Feuil1!D:D) -> 202 | E11: =_xlfn.XLOOKUP(B11,Feuil2!A:A,Feuil2!C:C) -> 80 | F11: =_xlfn.CONCAT("(",D11,",",A11,")") -> (202,12) | G11: =_xlfn.CONCAT("(",E11,",",A11,")") -> (80,12)
A12: 13 | B12: 2024-08-17 | C12: 33 | D12: =_xlfn.XLOOKUP(B12,Feuil1!A:A,Feuil1!D:D) -> 246 | E12: =_xlfn.XLOOKUP(B12,Feuil2!A:A,Feuil2!C:C) -> 86 | F12: =_xlfn.CONCAT("(",D12,",",A12,")") -> (246,13) | G12: =_xlfn.CONCAT("(",E12,",",A12,")") -> (86,13)
A13: 14 | B13: 2024-09-02 | C13: 33 | D13: =_xlfn.XLOOKUP(B13,Feuil1!A:A,Feuil1!D:D) -> 262 | E13: =_xlfn.XLOOKUP(B13,Feuil2!A:A,Feuil2!C:C) -> 88 | F13: =_xlfn.CONCAT("(",D13,",",A13,")") -> (262,14) | G13: =_xlfn.CONCAT("(",E13,",",A13,")") -> (88,14)
... A171: 89 | B171: 2024-02-18 | C171: 82 | D171: =_xlfn.XLOOKUP(B171,Feuil1!A:A,Feuil1!D:D) -> 66 | E171: =_xlfn.XLOOKUP(B171,Feuil2!A:A,Feuil2!C:C) -> 66 | F171: =_xlfn.CONCAT("(",D171,",",A171,")") -> (66,89) | G171: =_xlfn.CONCAT("(",E171,",",A171,")") -> (66,89)
A172: 91 | B172: 2024-02-19 | C172: 82 | D172: =_xlfn.XLOOKUP(B172,Feuil1!A:A,Feuil1!D:D) -> 67 | F172: =_xlfn.CONCAT("(",D172,",",A172,")") -> (67,91)
A173: 93 | B173: 2024-02-20 | C173: 82 | D173: =_xlfn.XLOOKUP(B173,Feuil1!A:A,Feuil1!D:D) -> 68 | F173: =_xlfn.CONCAT("(",D173,",",A173,")") -> (68,93)
A174: 96 | B174: 2024-02-21 | C174: 82 | D174: =_xlfn.XLOOKUP(B174,Feuil1!A:A,Feuil1!D:D) -> 69 | F174: =_xlfn.CONCAT("(",D174,",",A174,")") -> (69,96)
A175: 97 | B175: 2024-02-22 | C175: 82 | D175: =_xlfn.XLOOKUP(B175,Feuil1!A:A,Feuil1!D:D) -> 70 | F175: =_xlfn.CONCAT("(",D175,",",A175,")") -> (70,97)
A176: 100 | B176: 2024-02-23 | C176: 82 | D176: =_xlfn.XLOOKUP(B176,Feuil1!A:A,Feuil1!D:D) -> 71 | F176: =_xlfn.CONCAT("(",D176,",",A176,")") -> (71,100)
A177: 103 | B177: 2024-02-24 | C177: 82 | D177: =_xlfn.XLOOKUP(B177,Feuil1!A:A,Feuil1!D:D) -> 72 | F177: =_xlfn.CONCAT("(",D177,",",A177,")") -> (72,103)
A178: 108 | B178: 2024-02-25 | C178: 82 | D178: =_xlfn.XLOOKUP(B178,Feuil1!A:A,Feuil1!D:D) -> 73 | F178: =_xlfn.CONCAT("(",D178,",",A178,")") -> (73,108)
A179: 110 | B179: 2024-02-26 | C179: 82 | D179: =_xlfn.XLOOKUP(B179,Feuil1!A:A,Feuil1!D:D) -> 74 | F179: =_xlfn.CONCAT("(",D179,",",A179,")") -> (74,110)
A180: 112 | B180: 2024-02-27 | C180: 82 | D180: =_xlfn.XLOOKUP(B180,Feuil1!A:A,Feuil1!D:D) -> 75 | F180: =_xlfn.CONCAT("(",D180,",",A180,")") -> (75,112)
A181: 113 | B181: 2024-02-28 | C181: 82 | D181: =_xlfn.XLOOKUP(B181,Feuil1!A:A,Feuil1!D:D) -> 76 | F181: =_xlfn.CONCAT("(",D181,",",A181,")") -> (76,113)
A182: 114 | B182: 2024-02-29 | C182: 82 | D182: =_xlfn.XLOOKUP(B182,Feuil1!A:A,Feuil1!D:D) -> 77 | F182: =_xlfn.CONCAT("(",D182,",",A182,")") -> (77,114)
A183: 119 | B183: 2024-03-01 | C183: 82 | D183: =_xlfn.XLOOKUP(B183,Feuil1!A:A,Feuil1!D:D) -> 78 | F183: =_xlfn.CONCAT("(",D183,",",A183,")") -> (78,119)
... A444: 879 | B444: 2025-03-19 | C444: 82 | D444: =_xlfn.XLOOKUP(B444,Feuil1!A:A,Feuil1!D:D) -> 366 | F444: =_xlfn.CONCAT("(",D444,",",A444,")") -> (366,879)

Sheet Feuil2
A1: Fecha str | B1: Concat | C1: Num | D1: Fecha num
A2: 2023-11-01 | B2: =_xlfn.CONCAT("{",A2,"},") -> {2023-11-01}, | C2: 1 | D2: =DATEVALUE(A2) -> 45231
A3: 2023-11-08 | B3: =_xlfn.CONCAT("{",A3,"},") -> {2023-11-08}, | C3: =C2+1 -> 2 | D3: =DATEVALUE(A3) -> 45238
A4: 2023-11-11 | B4: =_xlfn.CONCAT("{",A4,"},") -> {2023-11-11}, | C4: =C3+1 -> 3 | D4: =DATEVALUE(A4) -> 45241
A5: 2023-11-16 | B5: =_xlfn.CONCAT("{",A5,"},") -> {2023-11-16}, | C5: =C4+1 -> 4 | D5: =DATEVALUE(A5) -> 45246
A6: 2023-11-17 | B6: =_xlfn.CONCAT("{",A6,"},") -> {2023-11-17}, | C6: =C5+1 -> 5 | D6: =DATEVALUE(A6) -> 45247
A7: 2023-11-22 | B7: =_xlfn.CONCAT("{",A7,"},") -> {2023-11-22}, | C7: =C6+1 -> 6 | D7: =DATEVALUE(A7) -> 45252
A8: 2023-11-25 | B8: =_xlfn.CONCAT("{",A8,"},") -> {2023-11-25}, | C8: =C7+1 -> 7 | D8: =DATEVALUE(A8) -> 45255
A9: 2023-11-30 | B9: =_xlfn.CONCAT("{",A9,"},") -> {2023-11-30}, | C9: =C8+1 -> 8 | D9: =DATEVALUE(A9) -> 45260
A10: 2023-12-04 | B10: =_xlfn.CONCAT("{",A10,"},") -> {2023-12-04}, | C10: =C9+1 -> 9 | D10: =DATEVALUE(A10) -> 45264
A11: 2023-12-05 | B11: =_xlfn.CONCAT("{",A11,"},") -> {2023-12-05}, | C11: =C10+1 -> 10 | D11: =DATEVALUE(A11) -> 45265
A12: 2023-12-11 | B12: =_xlfn.CONCAT("{",A12,"},") -> {2023-12-11}, | C12: =C11+1 -> 11 | D12: =DATEVALUE(A12) -> 45271
A13: 2023-12-13 | B13: =_xlfn.CONCAT("{",A13,"},") -> {2023-12-13}, | C13: =C12+1 -> 12 | D13: =DATEVALUE(A13) -> 45273
A14: 2023-12-14 | B14: =_xlfn.CONCAT("{",A14,"},") -> {2023-12-14}, | C14: =C13+1 -> 13 | D14: =DATEVALUE(A14) -> 45274
... A157: 2025-02-20 | B157: =_xlfn.CONCAT("{",A157,"},") -> {2025-02-20}, | C157: =C156+1 -> 156 | D157: =DATEVALUE(A157) -> 45708

Sheet Feuil1
A1: Fecha STR | B1: Fecha num | C1: Concat | D1: Num
A2: 2023-11-01 | B2: =DATEVALUE(A2) -> 45231 | C2: =_xlfn.CONCAT("{",A2,"},") -> {2023-11-01}, | D2: 1
A3: 2023-11-08 | B3: =DATEVALUE(A3) -> 45238 | C3: =_xlfn.CONCAT("{",A3,"},") -> {2023-11-08}, | D3: =D2+1 -> 2
A4: 2023-11-11 | B4: =DATEVALUE(A4) -> 45241 | C4: =_xlfn.CONCAT("{",A4,"},") -> {2023-11-11}, | D4: =D3+1 -> 3
A5: 2023-11-16 | B5: =DATEVALUE(A5) -> 45246 | C5: =_xlfn.CONCAT("{",A5,"},") -> {2023-11-16}, | D5: =D4+1 -> 4
A6: 2023-11-17 | B6: =DATEVALUE(A6) -> 45247 | C6: =_xlfn.CONCAT("{",A6,"},") -> {2023-11-17}, | D6: =D5+1 -> 5
A7: 2023-11-22 | B7: =DATEVALUE(A7) -> 45252 | C7: =_xlfn.CONCAT("{",A7,"},") -> {2023-11-22}, | D7: =D6+1 -> 6
A8: 2023-11-25 | B8: =DATEVALUE(A8) -> 45255 | C8: =_xlfn.CONCAT("{",A8,"},") -> {2023-11-25}, | D8: =D7+1 -> 7
A9: 2023-11-30 | B9: =DATEVALUE(A9) -> 45260 | C9: =_xlfn.CONCAT("{",A9,"},") -> {2023-11-30}, | D9: =D8+1 -> 8
A10: 2023-12-04 | B10: =DATEVALUE(A10) -> 45264 | C10: =_xlfn.CONCAT("{",A10,"},") -> {2023-12-04}, | D10: =D9+1 -> 9
A11: 2023-12-05 | B11: =DATEVALUE(A11) -> 45265 | C11: =_xlfn.CONCAT("{",A11,"},") -> {2023-12-05}, | D11: =D10+1 -> 10
A12: 2023-12-11 | B12: =DATEVALUE(A12) -> 45271 | C12: =_xlfn.CONCAT("{",A12,"},") -> {2023-12-11}, | D12: =D11+1 -> 11
A13: 2023-12-13 | B13: =DATEVALUE(A13) -> 45273 | C13: =_xlfn.CONCAT("{",A13,"},") -> {2023-12-13}, | D13: =D12+1 -> 12
A14: 2023-12-14 | B14: =DATEVALUE(A14) -> 45274 | C14: =_xlfn.CONCAT("{",A14,"},") -> {2023-12-14}, | D14: =D13+1 -> 13
... A367: 2025-03-19 | B367: =DATEVALUE(A367) -> 45735 | C367: =_xlfn.CONCAT("{",A367,"},") -> {2025-03-19}, | D367: =D366+1 -> 366
