Workbook

Sheet Raw data
A1: Iteration | B1: Project | C1: ECN | D1: ECN release | E1: Part number | F1: Complexity | G1: EAU | H1: Delivery profile | I1: Quotation profile | J1: Price profile | K1: Punctuality profile | L1: Supplier ID | M1: Supplier name | N1: Price | O1: Lead time | P1: RFQ date | Q1: Quotation date | R1: REQ date | S1: PO date | T1: ETA | U1: Delivery date | V1: ISIR documents | W1: ISIR approval | X1: PPAP approval | Y1: Contract date | Z1: Quotation time | AA1: OTD | AB1: Delivery time | AC1: FY Spend | AD1: Awarded | AE1: MCS ready | AF1: Pilot ready | AG1: SOP ready | AH1: Unnamed: 0
A2: 2 | B2: Juneau | C2: ECN0000301 | D2: 45483 | E2: A0A000001 | F2: medium | G2: 224 | H2: regular | I2: low | J2: regular | K2: high | L2: 10000033 | M2: Tuberías ABC, S.A. de C.V. | N2: 29.46 | O2: 30 | P2: 45489 | Q2: 45531 | R2: 45531 | S2: 45542 | T2: 45572 | U2: 45572 | V2: 45572 | W2: 45604 | X2: 45611 | Y2: 45612 | Z2: 42 | AA2: TRUE | AB2: 30 | AC2: 6599.04 | AD2: TRUE | AE2: FALSE | AF2: FALSE | AG2: FALSE
A3: 2 | B3: Juneau | C3: ECN0000301 | D3: 45483 | E3: A0D000001 | F3: medium | G3: 224 | H3: regular | I3: low | J3: regular | K3: high | L3: 10000033 | M3: Tuberías ABC, S.A. de C.V. | N3: 24.09 | O3: 30 | P3: 45489 | Q3: 45531 | R3: 45531 | S3: 45542 | T3: 45572 | U3: 45572 | V3: 45572 | W3: 45604 | X3: 45611 | Y3: 45612 | Z3: 42 | AA3: TRUE | AB3: 30 | AC3: 5396.16 | AD3: TRUE | AE3: FALSE | AF3: FALSE | AG3: FALSE
A4: 2 | B4: Juneau | C4: ECN0000301 | D4: 45483 | E4: A0A000001 | F4: medium | G4: 224 | H4: regular | I4: high | J4: low | K4: regular | L4: 10000047 | M4: Tuberías DEF, S. de R.L. | N4: 74.36 | O4: 14 | P4: 45483 | Q4: 45528 | Z4: 45 | AC4: 16656.64 | AD4: 0
A5: 2 | B5: Juneau | C5: ECN0000301 | D5: 45483 | E5: A0D000001 | F5: medium | G5: 224 | H5: regular | I5: high | J5: low | K5: regular | L5: 10000047 | M5: Tuberías DEF, S. de R.L. | N5: 13.35 | O5: 14 | P5: 45483 | Q5: 45528 | Z5: 45 | AC5: 2990.4 | AD5: 0
A6: 2 | B6: Juneau | C6: ECN0000301 | D6: 45483 | E6: A0A000001 | F6: medium | G6: 224 | H6: high | I6: high | J6: low | K6: low | L6: 10000073 | M6: Tuberías GHI, S.A.S. | N6: 75.17 | O6: 28 | P6: 45489 | Q6: 45543 | Z6: 54 | AC6: 16838.08 | AD6: 0
A7: 2 | B7: Juneau | C7: ECN0000301 | D7: 45483 | E7: A0D000001 | F7: medium | G7: 224 | H7: high | I7: high | J7: low | K7: low | L7: 10000073 | M7: Tuberías GHI, S.A.S. | N7: 1.64 | O7: 28 | P7: 45489 | Q7: 45543 | Z7: 54 | AC7: 367.36 | AD7: 0
A8: 2 | B8: Juneau | C8: ECN0000301 | D8: 45483 | E8: A0A000001 | F8: medium | G8: 224 | H8: low | I8: low | J8: low | K8: high | L8: 10000082 | M8: Tuberías Súper, S.A.P.I. | N8: 35.14 | P8: 45483 | Q8: 45527 | Z8: 44 | AC8: 7871.36 | AD8: 0
A9: 2 | B9: Juneau | C9: ECN0000301 | D9: 45483 | E9: A0D000001 | F9: medium | G9: 224 | H9: low | I9: low | J9: low | K9: high | L9: 10000082 | M9: Tuberías Súper, S.A.P.I. | N9: 6.01 | P9: 45483 | Q9: 45527 | Z9: 44 | AC9: 1346.24 | AD9: 0
A10: 2 | B10: Juneau | C10: ECN0000302 | D10: 45490 | E10: A0A000002 | F10: medium | G10: 23 | H10: regular | I10: low | J10: regular | K10: high | L10: 10000033 | M10: Tuberías ABC, S.A. de C.V. | N10: 81.77 | O10: 30 | P10: 45490 | Q10: 45497 | R10: 45507 | S10: 45517 | T10: 45560 | U10: 45558 | V10: 45558 | W10: 45615 | X10: 45615 | Y10: 45621 | Z10: 7.2 | AA10: TRUE | AB10: 41 | AC10: 1880.71 | AD10: TRUE | AE10: FALSE | AF10: FALSE | AG10: FALSE
A11: 2 | B11: Juneau | C11: ECN0000302 | D11: 45490 | E11: A0A000003 | F11: low | G11: 23 | H11: regular | I11: low | J11: regular | K11: high | L11: 10000033 | M11: Tuberías ABC, S.A. de C.V. | N11: 28.61 | O11: 30 | P11: 45490 | Q11: 45497 | R11: 45507 | S11: 45517 | T11: 45560 | U11: 45558 | V11: 45558 | W11: 45615 | X11: 45615 | Y11: 45621 | Z11: 7.2 | AA11: TRUE | AB11: 41 | AC11: 658.03 | AD11: TRUE | AE11: FALSE | AF11: FALSE | AG11: FALSE
A12: 2 | B12: Juneau | C12: ECN0000302 | D12: 45490 | E12: A0A000004 | F12: low | G12: 23 | H12: regular | I12: low | J12: regular | K12: high | L12: 10000033 | M12: Tuberías ABC, S.A. de C.V. | N12: 35.71 | O12: 30 | P12: 45490 | Q12: 45497 | R12: 45507 | S12: 45517 | T12: 45560 | U12: 45558 | V12: 45558 | W12: 45615 | X12: 45615 | Y12: 45621 | Z12: 7.2 | AA12: TRUE | AB12: 41 | AC12: 821.33 | AD12: TRUE | AE12: FALSE | AF12: FALSE | AG12: FALSE
A13: 2 | B13: Juneau | C13: ECN0000302 | D13: 45490 | E13: A0A000005 | F13: low | G13: 23 | H13: regular | I13: low | J13: regular | K13: high | L13: 10000033 | M13: Tuberías ABC, S.A. de C.V. | N13: 14.9 | O13: 30 | P13: 45490 | Q13: 45497 | R13: 45507 | S13: 45517 | T13: 45560 | U13: 45558 | V13: 45558 | W13: 45615 | X13: 45615 | Y13: 45621 | Z13: 7.2 | AA13: TRUE | AB13: 41 | AC13: 342.7 | AD13: TRUE | AE13: FALSE | AF13: FALSE | AG13: FALSE
A14: 2 | B14: Juneau | C14: ECN0000302 | D14: 45490 | E14: A0A000002 | F14: medium | G14: 23 | H14: regular | I14: high | J14: low | K14: regular | L14: 10000047 | M14: Tuberías DEF, S. de R.L. | N14: 77.11 | O14: 14 | P14: 45496 | Q14: 45560 | Z14: 64 | AC14: 1773.53 | AD14: 0
A15: 2 | B15: Juneau | C15: ECN0000302 | D15: 45490 | E15: A0A000003 | F15: low | G15: 23 | H15: regular | I15: high | J15: low | K15: regular | L15: 10000047 | M15: Tuberías DEF, S. de R.L. | N15: 22.98 | O15: 14 | P15: 45496 | Q15: 45560 | Z15: 64 | AC15: 528.54 | AD15: 0
A16: 2 | B16: Juneau | C16: ECN0000302 | D16: 45490 | E16: A0A000004 | F16: low | G16: 23 | H16: regular | I16: high | J16: low | K16: regular | L16: 10000047 | M16: Tuberías DEF, S. de R.L. | N16: 11.42 | O16: 14 | P16: 45496 | Q16: 45560 | Z16: 64 | AC16: 262.66 | AD16: 0
A17: 2 | B17: Juneau | C17: ECN0000302 | D17: 45490 | E17: A0A000005 | F17: low | G17: 23 | H17: regular | I17: high | J17: low | K17: regular | L17: 10000047 | M17: Tuberías DEF, S. de R.L. | N17: 14.89 | O17: 14 | P17: 45496 | Q17: 45560 | Z17: 64 | AC17: 342.47 | AD17: 0
A18: 2 | B18: Juneau | C18: ECN0000302 | D18: 45490 | E18: A0A000002 | F18: medium | G18: 23 | H18: high | I18: high | J18: low | K18: low | L18: 10000073 | M18: Tuberías GHI, S.A.S. | N18: 58.48 | O18: 28 | P18: 45490 | Q18: 45526 | Z18: 36 | AC18: 1345.04 | AD18: 0
A19: 2 | B19: Juneau | C19: ECN0000302 | D19: 45490 | E19: A0A000003 | F19: low | G19: 23 | H19: high | I19: high | J19: low | K19: low | L19: 10000073 | M19: Tuberías GHI, S.A.S. | N19: 13.58 | O19: 28 | P19: 45490 | Q19: 45526 | Z19: 36 | AC19: 312.34 | AD19: 0
A20: 2 | B20: Juneau | C20: ECN0000302 | D20: 45490 | E20: A0A000004 | F20: low | G20: 23 | H20: high | I20: high | J20: low | K20: low | L20: 10000073 | M20: Tuberías GHI, S.A.S. | N20: 23.39 | O20: 28 | P20: 45490 | Q20: 45526 | Z20: 36 | AC20: 537.97 | AD20: 0
A21: 2 | B21: Juneau | C21: ECN0000302 | D21: 45490 | E21: A0A000005 | F21: low | G21: 23 | H21: high | I21: high | J21: low | K21: low | L21: 10000073 | M21: Tuberías GHI, S.A.S. | N21: 21.14 | O21: 28 | P21: 45490 | Q21: 45526 | Z21: 36 | AC21: 486.22 | AD21: 0
A22: 2 | B22: Juneau | C22: ECN0000302 | D22: 45490 | E22: A0A000002 | F22: medium | G22: 23 | H22: low | I22: low | J22: low | K22: high | L22: 10000082 | M22: Tuberías Súper, S.A.P.I. | N22: 54.49 | P22: 45494 | Q22: 45512 | Z22: 18 | AC22: 1253.27 | AD22: 0
A23: 2 | B23: Juneau | C23: ECN0000302 | D23: 45490 | E23: A0A000003 | F23: low | G23: 23 | H23: low | I23: low | J23: low | K23: high | L23: 10000082 | M23: Tuberías Súper, S.A.P.I. | N23: 15.92 | P23: 45494 | Q23: 45512 | Z23: 18 | AC23: 366.16 | AD23: 0
A24: 2 | B24: Juneau | C24: ECN0000302 | D24: 45490 | E24: A0A000004 | F24: low | G24: 23 | H24: low | I24: low | J24: low | K24: high | L24: 10000082 | M24: Tuberías Súper, S.A.P.I. | N24: 18.29 | P24: 45494 | Q24: 45512 | Z24: 18 | AC24: 420.67 | AD24: 0
A25: 2 | B25: Juneau | C25: ECN0000302 | D25: 45490 | E25: A0A000005 | F25: low | G25: 23 | H25: low | I25: low | J25: low | K25: high | L25: 10000082 | M25: Tuberías Súper, S.A.P.I. | N25: 20.63 | P25: 45494 | Q25: 45512 | Z25: 18 | AC25: 474.49 | AD25: 0
A26: 2 | B26: Juneau | C26: ECN0000303 | D26: 45493 | E26: A0A000006 | F26: medium | G26: 295 | H26: regular | I26: low | J26: regular | K26: high | L26: 10000033 | M26: Tuberías ABC, S.A. de C.V. | N26: 107 | O26: 30 | P26: 45499 | Q26: 45508 | R26: 45508 | S26: 45515 | T26: 45540 | U26: 45539 | V26: 45539 | W26: 45588 | X26: 45588 | Y26: 45594 | Z26: 9 | AA26: TRUE | AB26: 24 | AC26: 31565 | AD26: TRUE | AE26: FALSE | AF26: FALSE | AG26: FALSE
A27: 2 | B27: Juneau | C27: ECN0000303 | D27: 45493 | E27: A0A000007 | F27: low | G27: 295 | H27: regular | I27: low | J27: regular | K27: high | L27: 10000033 | M27: Tuberías ABC, S.A. de C.V. | N27: 22.2 | O27: 30 | P27: 45499 | Q27: 45508 | R27: 45508 | S27: 45515 | T27: 45540 | U27: 45539 | V27: 45539 | W27: 45588 | X27: 45588 | Y27: 45594 | Z27: 9 | AA27: TRUE | AB27: 24 | AC27: 6549 | AD27: TRUE | AE27: FALSE | AF27: FALSE | AG27: FALSE
A28: 2 | B28: Juneau | C28: ECN0000303 | D28: 45493 | E28: A0G000334 | F28: high | G28: 295 | H28: regular | I28: low | J28: regular | K28: high | L28: 10000033 | M28: Tuberías ABC, S.A. de C.V. | N28: 88.88 | O28: 30 | P28: 45499 | Q28: 45508 | R28: 45508 | S28: 45515 | T28: 45540 | U28: 45539 | V28: 45539 | W28: 45588 | X28: 45588 | Y28: 45594 | Z28: 9 | AA28: TRUE | AB28: 24 | AC28: 26219.6 | AD28: TRUE | AE28: FALSE | AF28: FALSE | AG28: FALSE
A29: 2 | B29: Juneau | C29: ECN0000303 | D29: 45493 | E29: A0A000006 | F29: medium | G29: 295 | H29: regular | I29: high | J29: low | K29: regular | L29: 10000047 | M29: Tuberías DEF, S. de R.L. | N29: 49.23 | O29: 14 | P29: 45493 | Q29: 45505 | Z29: 12 | AC29: 14522.85 | AD29: 0
A30: 2 | B30: Juneau | C30: ECN0000303 | D30: 45493 | E30: A0A000007 | F30: low | G30: 295 | H30: regular | I30: high | J30: low | K30: regular | L30: 10000047 | M30: Tuberías DEF, S. de R.L. | N30: 17.35 | O30: 14 | P30: 45493 | Q30: 45505 | Z30: 12 | AC30: 5118.25 | AD30: 0
A31: 2 | B31: Juneau | C31: ECN0000303 | D31: 45493 | E31: A0G000334 | F31: high | G31: 295 | H31: regular | I31: high | J31: low | K31: regular | L31: 10000047 | M31: Tuberías DEF, S. de R.L. | N31: 102.13 | O31: 14 | P31: 45493 | Q31: 45505 | Z31: 12 | AC31: 30128.35 | AD31: 0
A32: 2 | B32: Juneau | C32: ECN0000303 | D32: 45493 | E32: A0A000006 | F32: medium | G32: 295 | H32: high | I32: high | J32: low | K32: low | L32: 10000073 | M32: Tuberías GHI, S.A.S. | N32: 1.64 | O32: 28 | P32: 45493 | Q32: 45504 | Z32: 11.7 | AC32: 483.8 | AD32: 0
A33: 2 | B33: Juneau | C33: ECN0000303 | D33: 45493 | E33: A0A000007 | F33: low | G33: 295 | H33: high | I33: high | J33: low | K33: low | L33: 10000073 | M33: Tuberías GHI, S.A.S. | N33: 29.45 | O33: 28 | P33: 45493 | Q33: 45504 | Z33: 11.7 | AC33: 8687.75 | AD33: 0
A34: 2 | B34: Juneau | C34: ECN0000303 | D34: 45493 | E34: A0G000334 | F34: high | G34: 295 | H34: high | I34: high | J34: low | K34: low | L34: 10000073 | M34: Tuberías GHI, S.A.S. | N34: 83.93 | O34: 28 | P34: 45493 | Q34: 45504 | Z34: 11.7 | AC34: 24759.35 | AD34: 0
A35: 2 | B35: Juneau | C35: ECN0000303 | D35: 45493 | E35: A0A000006 | F35: medium | G35: 295 | H35: low | I35: low | J35: low | K35: high | L35: 10000082 | M35: Tuberías Súper, S.A.P.I. | N35: 42.76 | P35: 45498 | Q35: 45523 | Z35: 25 | AC35: 12614.2 | AD35: 0
A36: 2 | B36: Juneau | C36: ECN0000303 | D36: 45493 | E36: A0A000007 | F36: low | G36: 295 | H36: low | I36: low | J36: low | K36: high | L36: 10000082 | M36: Tuberías Súper, S.A.P.I. | N36: 20.33 | P36: 45498 | Q36: 45523 | Z36: 25 | AC36: 5997.35 | AD36: 0
A37: 2 | B37: Juneau | C37: ECN0000303 | D37: 45493 | E37: A0G000334 | F37: high | G37: 295 | H37: low | I37: low | J37: low | K37: high | L37: 10000082 | M37: Tuberías Súper, S.A.P.I. | N37: 48 | P37: 45498 | Q37: 45523 | Z37: 25 | AC37: 14160 | AD37: 0
A38: 2 | B38: Juneau | C38: ECN0000304 | D38: 45329 | E38: A0E000001 | F38: high | G38: 256 | H38: regular | I38: low | J38: regular | K38: high | L38: 10000033 | M38: Tuberías ABC, S.A. de C.V. | N38: 142.61 | O38: 30 | P38: 45330 | Q38: 45372 | R38: 45393 | S38: 45395 | T38: 45425 | U38: 45424 | V38: 45427 | W38: 45534 | X38: 45539 | Y38: 45542 | Z38: 42 | AA38: TRUE | AB38: 29 | AC38: 36508.16 | AD38: TRUE | AE38: TRUE | AF38: FALSE | AG38: TRUE
A39: 2 | B39: Juneau | C39: ECN0000304 | D39: 45329 | E39: A0E000002 | F39: high | G39: 256 | H39: regular | I39: low | J39: regular | K39: high | L39: 10000033 | M39: Tuberías ABC, S.A. de C.V. | N39: 100.69 | O39: 30 | P39: 45330 | Q39: 45372 | R39: 45393 | S39: 45395 | T39: 45425 | U39: 45424 | V39: 45427 | W39: 45534 | X39: 45539 | Y39: 45542 | Z39: 42 | AA39: TRUE | AB39: 29 | AC39: 25776.64 | AD39: TRUE | AE39: TRUE | AF39: FALSE | AG39: TRUE
A40: 2 | B40: Juneau | C40: ECN0000304 | D40: 45329 | E40: A0E000003 | F40: high | G40: 256 | H40: regular | I40: low | J40: regular | K40: high | L40: 10000033 | M40: Tuberías ABC, S.A. de C.V. | N40: 84.99 | O40: 30 | P40: 45330 | Q40: 45372 | R40: 45393 | S40: 45395 | T40: 45425 | U40: 45424 | V40: 45427 | W40: 45534 | X40: 45539 | Y40: 45542 | Z40: 42 | AA40: TRUE | AB40: 29 | AC40: 21757.44 | AD40: TRUE | AE40: TRUE | AF40: FALSE | AG40: TRUE
A41: 2 | B41: Juneau | C41: ECN0000304 | D41: 45329 | E41: A0E000001 | F41: high | G41: 256 | H41: regular | I41: high | J41: low | K41: regular | L41: 10000047 | M41: Tuberías DEF, S. de R.L. | N41: 91.23 | O41: 14 | P41: 45335 | Q41: 45408 | Z41: 73 | AC41: 23354.88 | AD41: 0
A42: 2 | B42: Juneau | C42: ECN0000304 | D42: 45329 | E42: A0E000002 | F42: high | G42: 256 | H42: regular | I42: high | J42: low | K42: regular | L42: 10000047 | M42: Tuberías DEF, S. de R.L. | N42: 86.68 | O42: 14 | P42: 45335 | Q42: 45408 | Z42: 73 | AC42: 22190.08 | AD42: 0
A43: 2 | B43: Juneau | C43: ECN0000304 | D43: 45329 | E43: A0E000003 | F43: high | G43: 256 | H43: regular | I43: high | J43: low | K43: regular | L43: 10000047 | M43: Tuberías DEF, S. de R.L. | N43: 149.46 | O43: 14 | P43: 45335 | Q43: 45408 | Z43: 73 | AC43: 38261.76 | AD43: 0
A44: 2 | B44: Juneau | C44: ECN0000304 | D44: 45329 | E44: A0E000001 | F44: high | G44: 256 | H44: high | I44: high | J44: low | K44: low | L44: 10000073 | M44: Tuberías GHI, S.A.S. | N44: 94.51 | O44: 28 | P44: 45329 | Q44: 45397 | Z44: 68 | AC44: 24194.56 | AD44: 0
A45: 2 | B45: Juneau | C45: ECN0000304 | D45: 45329 | E45: A0E000002 | F45: high | G45: 256 | H45: high | I45: high | J45: low | K45: low | L45: 10000073 | M45: Tuberías GHI, S.A.S. | N45: 83.82 | O45: 28 | P45: 45329 | Q45: 45397 | Z45: 68 | AC45: 21457.92 | AD45: 0
A46: 2 | B46: Juneau | C46: ECN0000304 | D46: 45329 | E46: A0E000003 | F46: high | G46: 256 | H46: high | I46: high | J46: low | K46: low | L46: 10000073 | M46: Tuberías GHI, S.A.S. | N46: 83.9 | O46: 28 | P46: 45329 | Q46: 45397 | Z46: 68 | AC46: 21478.4 | AD46: 0
A47: 2 | B47: Juneau | C47: ECN0000304 | D47: 45329 | E47: A0E000001 | F47: high | G47: 256 | H47: low | I47: low | J47: low | K47: high | L47: 10000082 | M47: Tuberías Súper, S.A.P.I. | N47: 90.31 | P47: 45331 | Q47: 45338 | Z47: 7.2 | AC47: 23119.36 | AD47: 0
A48: 2 | B48: Juneau | C48: ECN0000304 | D48: 45329 | E48: A0E000002 | F48: high | G48: 256 | H48: low | I48: low | J48: low | K48: high | L48: 10000082 | M48: Tuberías Súper, S.A.P.I. | N48: 109.1 | P48: 45331 | Q48: 45338 | Z48: 7.2 | AC48: 27929.6 | AD48: 0
A49: 2 | B49: Juneau | C49: ECN0000304 | D49: 45329 | E49: A0E000003 | F49: high | G49: 256 | H49: low | I49: low | J49: low | K49: high | L49: 10000082 | M49: Tuberías Súper, S.A.P.I. | N49: 87.33 | P49: 45331 | Q49: 45338 | Z49: 7.2 | AC49: 22356.48 | AD49: 0
A50: 2 | B50: Juneau | C50: ECN0000305 | D50: 45356 | E50: A0A000008 | F50: low | G50: 23 | H50: regular | I50: low | J50: regular | K50: high | L50: 10000033 | M50: Tuberías ABC, S.A. de C.V. | N50: 12 | O50: 30 | P50: 45363 | Q50: 45373 | R50: 45387 | S50: 45395 | T50: 45455 | U50: 45454 | V50: 45455 | W50: 45455 | X50: 45462 | Y50: 45465 | Z50: 10 | AA50: TRUE | AB50: 59 | AC50: 276 | AD50: TRUE | AE50: TRUE | AF50: TRUE | AG50: TRUE
A51: 2 | B51: Juneau | C51: ECN0000305 | D51: 45356 | E51: A0A000009 | F51: low | G51: 23 | H51: regular | I51: low | J51: regular | K51: high | L51: 10000033 | M51: Tuberías ABC, S.A. de C.V. | N51: 1.93 | O51: 30 | P51: 45363 | Q51: 45373 | R51: 45387 | S51: 45395 | T51: 45455 | U51: 45454 | V51: 45455 | W51: 45455 | X51: 45462 | Y51: 45465 | Z51: 10 | AA51: TRUE | AB51: 59 | AC51: 44.39 | AD51: TRUE | AE51: TRUE | AF51: TRUE | AG51: TRUE
A52: 2 | B52: Juneau | C52: ECN0000305 | D52: 45356 | E52: A0A000010 | F52: medium | G52: 23 | H52: regular | I52: low | J52: regular | K52: high | L52: 10000033 | M52: Tuberías ABC, S.A. de C.V. | N52: 13.13 | O52: 30 | P52: 45363 | Q52: 45373 | R52: 45387 | S52: 45395 | T52: 45455 | U52: 45454 | V52: 45455 | W52: 45455 | X52: 45462 | Y52: 45465 | Z52: 10 | AA52: TRUE | AB52: 59 | AC52: 301.99 | AD52: TRUE | AE52: TRUE | AF52: TRUE | AG52: TRUE
A53: 2 | B53: Juneau | C53: ECN0000305 | D53: 45356 | E53: A0D000002 | F53: medium | G53: 23 | H53: regular | I53: low | J53: regular | K53: high | L53: 10000033 | M53: Tuberías ABC, S.A. de C.V. | N53: 56.55 | O53: 30 | P53: 45363 | Q53: 45373 | R53: 45387 | S53: 45395 | T53: 45455 | U53: 45454 | V53: 45455 | W53: 45455 | X53: 45462 | Y53: 45465 | Z53: 10 | AA53: TRUE | AB53: 59 | AC53: 1300.65 | AD53: TRUE | AE53: TRUE | AF53: TRUE | AG53: TRUE
A54: 2 | B54: Juneau | C54: ECN0000305 | D54: 45356 | E54: A0A000008 | F54: low | G54: 23 | H54: regular | I54: high | J54: low | K54: regular | L54: 10000047 | M54: Tuberías DEF, S. de R.L. | N54: 10.21 | O54: 14 | P54: 45359 | Q54: 45403 | Z54: 44 | AC54: 234.83 | AD54: 0
A55: 2 | B55: Juneau | C55: ECN0000305 | D55: 45356 | E55: A0A000009 | F55: low | G55: 23 | H55: regular | I55: high | J55: low | K55: regular | L55: 10000047 | M55: Tuberías DEF, S. de R.L. | N55: 7.51 | O55: 14 | P55: 45359 | Q55: 45403 | Z55: 44 | AC55: 172.73 | AD55: 0
A56: 2 | B56: Juneau | C56: ECN0000305 | D56: 45356 | E56: A0A000010 | F56: medium | G56: 23 | H56: regular | I56: high | J56: low | K56: regular | L56: 10000047 | M56: Tuberías DEF, S. de R.L. | N56: 35.84 | O56: 14 | P56: 45359 | Q56: 45403 | Z56: 44 | AC56: 824.32 | AD56: 0
A57: 2 | B57: Juneau | C57: ECN0000305 | D57: 45356 | E57: A0D000002 | F57: medium | G57: 23 | H57: regular | I57: high | J57: low | K57: regular | L57: 10000047 | M57: Tuberías DEF, S. de R.L. | N57: 50.81 | O57: 14 | P57: 45359 | Q57: 45403 | Z57: 44 | AC57: 1168.63 | AD57: 0
A58: 2 | B58: Juneau | C58: ECN0000305 | D58: 45356 | E58: A0A000008 | F58: low | G58: 23 | H58: high | I58: high | J58: low | K58: low | L58: 10000073 | M58: Tuberías GHI, S.A.S. | N58: 32.15 | O58: 28 | P58: 45361 | Q58: 45374 | Z58: 13 | AC58: 739.45 | AD58: 0
A59: 2 | B59: Juneau | C59: ECN0000305 | D59: 45356 | E59: A0A000009 | F59: low | G59: 23 | H59: high | I59: high | J59: low | K59: low | L59: 10000073 | M59: Tuberías GHI, S.A.S. | N59: 20.22 | O59: 28 | P59: 45361 | Q59: 45374 | Z59: 13 | AC59: 465.06 | AD59: 0
A60: 2 | B60: Juneau | C60: ECN0000305 | D60: 45356 | E60: A0A000010 | F60: medium | G60: 23 | H60: high | I60: high | J60: low | K60: low | L60: 10000073 | M60: Tuberías GHI, S.A.S. | N60: 42.84 | O60: 28 | P60: 45361 | Q60: 45374 | Z60: 13 | AC60: 985.32 | AD60: 0
A61: 2 | B61: Juneau | C61: ECN0000305 | D61: 45356 | E61: A0D000002 | F61: medium | G61: 23 | H61: high | I61: high | J61: low | K61: low | L61: 10000073 | M61: Tuberías GHI, S.A.S. | N61: 23.86 | O61: 28 | P61: 45361 | Q61: 45374 | Z61: 13 | AC61: 548.78 | AD61: 0
A62: 2 | B62: Juneau | C62: ECN0000305 | D62: 45356 | E62: A0A000008 | F62: low | G62: 23 | H62: low | I62: low | J62: low | K62: high | L62: 10000082 | M62: Tuberías Súper, S.A.P.I. | N62: 33.73 | P62: 45356 | Q62: 45411 | Z62: 55 | AC62: 775.79 | AD62: 0
A63: 2 | B63: Juneau | C63: ECN0000305 | D63: 45356 | E63: A0A000009 | F63: low | G63: 23 | H63: low | I63: low | J63: low | K63: high | L63: 10000082 | M63: Tuberías Súper, S.A.P.I. | N63: 13.43 | P63: 45356 | Q63: 45411 | Z63: 55 | AC63: 308.89 | AD63: 0
A64: 2 | B64: Juneau | C64: ECN0000305 | D64: 45356 | E64: A0A000010 | F64: medium | G64: 23 | H64: low | I64: low | J64: low | K64: high | L64: 10000082 | M64: Tuberías Súper, S.A.P.I. | N64: 10.79 | P64: 45356 | Q64: 45411 | Z64: 55 | AC64: 248.17 | AD64: 0
A65: 2 | B65: Juneau | C65: ECN0000305 | D65: 45356 | E65: A0D000002 | F65: medium | G65: 23 | H65: low | I65: low | J65: low | K65: high | L65: 10000082 | M65: Tuberías Súper, S.A.P.I. | N65: 9.29 | P65: 45356 | Q65: 45411 | Z65: 55 | AC65: 213.67 | AD65: 0
A66: 2 | B66: Juneau | C66: ECN0000306 | D66: 45546 | E66: A0A000011 | F66: medium | G66: 23 | H66: regular | I66: low | J66: regular | K66: high | L66: 10000033 | M66: Tuberías ABC, S.A. de C.V. | N66: 1.93 | O66: 30 | P66: 45549 | Q66: 45565 | R66: 45572 | S66: 45581 | T66: 45593 | U66: 45603 | V66: 45603 | W66: 45634 | X66: 45641 | Y66: 45642 | Z66: 16 | AA66: FALSE | AB66: 22 | AC66: 44.39 | AD66: TRUE | AE66: FALSE | AF66: FALSE | AG66: FALSE
A67: 2 | B67: Juneau | C67: ECN0000306 | D67: 45546 | E67: A0A000012 | F67: low | G67: 23 | H67: regular | I67: low | J67: regular | K67: high | L67: 10000033 | M67: Tuberías ABC, S.A. de C.V. | N67: 12.86 | O67: 30 | P67: 45549 | Q67: 45565 | R67: 45572 | S67: 45581 | T67: 45593 | U67: 45603 | V67: 45603 | W67: 45634 | X67: 45641 | Y67: 45642 | Z67: 16 | AA67: FALSE | AB67: 22 | AC67: 295.78 | AD67: TRUE | AE67: FALSE | AF67: FALSE | AG67: FALSE
A68: 2 | B68: Juneau | C68: ECN0000306 | D68: 45546 | E68: A0D000003 | F68: medium | G68: 23 | H68: regular | I68: low | J68: regular | K68: high | L68: 10000033 | M68: Tuberías ABC, S.A. de C.V. | N68: 69.74 | O68: 30 | P68: 45549 | Q68: 45565 | R68: 45572 | S68: 45581 | T68: 45593 | U68: 45603 | V68: 45603 | W68: 45634 | X68: 45641 | Y68: 45642 | Z68: 16 | AA68: FALSE | AB68: 22 | AC68: 1604.02 | AD68: TRUE | AE68: FALSE | AF68: FALSE | AG68: FALSE
A69: 2 | B69: Juneau | C69: ECN0000306 | D69: 45546 | E69: A0A000011 | F69: medium | G69: 23 | H69: regular | I69: high | J69: low | K69: regular | L69: 10000047 | M69: Tuberías DEF, S. de R.L. | N69: 1.64 | O69: 14 | P69: 45549 | Q69: 45626 | Z69: 77 | AC69: 37.72 | AD69: 0
A70: 2 | B70: Juneau | C70: ECN0000306 | D70: 45546 | E70: A0A000012 | F70: low | G70: 23 | H70: regular | I70: high | J70: low | K70: regular | L70: 10000047 | M70: Tuberías DEF, S. de R.L. | N70: 11.89 | O70: 14 | P70: 45549 | Q70: 45626 | Z70: 77 | AC70: 273.47 | AD70: 0
A71: 2 | B71: Juneau | C71: ECN0000306 | D71: 45546 | E71: A0D000003 | F71: medium | G71: 23 | H71: regular | I71: high | J71: low | K71: regular | L71: 10000047 | M71: Tuberías DEF, S. de R.L. | N71: 24.06 | O71: 14 | P71: 45549 | Q71: 45626 | Z71: 77 | AC71: 553.38 | AD71: 0
A72: 2 | B72: Juneau | C72: ECN0000306 | D72: 45546 | E72: A0A000011 | F72: medium | G72: 23 | H72: high | I72: high | J72: low | K72: low | L72: 10000073 | M72: Tuberías GHI, S.A.S. | N72: 9.21 | O72: 28 | P72: 45549 | Q72: 45622 | Z72: 73 | AC72: 211.83 | AD72: 0
A73: 2 | B73: Juneau | C73: ECN0000306 | D73: 45546 | E73: A0A000012 | F73: low | G73: 23 | H73: high | I73: high | J73: low | K73: low | L73: 10000073 | M73: Tuberías GHI, S.A.S. | N73: 14.65 | O73: 28 | P73: 45549 | Q73: 45622 | Z73: 73 | AC73: 336.95 | AD73: 0
A74: 2 | B74: Juneau | C74: ECN0000306 | D74: 45546 | E74: A0D000003 | F74: medium | G74: 23 | H74: high | I74: high | J74: low | K74: low | L74: 10000073 | M74: Tuberías GHI, S.A.S. | N74: 30.28 | O74: 28 | P74: 45549 | Q74: 45622 | Z74: 73 | AC74: 696.44 | AD74: 0
A75: 2 | B75: Juneau | C75: ECN0000306 | D75: 45546 | E75: A0A000011 | F75: medium | G75: 23 | H75: low | I75: low | J75: low | K75: high | L75: 10000082 | M75: Tuberías Súper, S.A.P.I. | N75: 41.38 | P75: 45552 | Q75: 45583 | Z75: 31 | AC75: 951.74 | AD75: 0
A76: 2 | B76: Juneau | C76: ECN0000306 | D76: 45546 | E76: A0A000012 | F76: low | G76: 23 | H76: low | I76: low | J76: low | K76: high | L76: 10000082 | M76: Tuberías Súper, S.A.P.I. | N76: 12.46 | P76: 45552 | Q76: 45583 | Z76: 31 | AC76: 286.58 | AD76: 0
A77: 2 | B77: Juneau | C77: ECN0000306 | D77: 45546 | E77: A0D000003 | F77: medium | G77: 23 | H77: low | I77: low | J77: low | K77: high | L77: 10000082 | M77: Tuberías Súper, S.A.P.I. | N77: 52.24 | P77: 45552 | Q77: 45583 | Z77: 31 | AC77: 1201.52 | AD77: 0
A78: 2 | B78: Juneau | C78: ECN0000307 | D78: 45400 | E78: A0A000013 | F78: low | G78: 242 | H78: regular | I78: low | J78: regular | K78: high | L78: 10000033 | M78: Tuberías ABC, S.A. de C.V. | N78: 7.97 | O78: 30 | P78: 45403 | Q78: 45410 | R78: 45410 | S78: 45410 | T78: 45448 | U78: 45445 | V78: 45446 | W78: 45488 | X78: 45488 | Y78: 45488 | Z78: 7.2 | AA78: TRUE | AB78: 35 | AC78: 1928.74 | AD78: TRUE | AE78: TRUE | AF78: TRUE | AG78: TRUE
A79: 2 | B79: Juneau | C79: ECN0000307 | D79: 45400 | E79: A0C000001 | F79: low | G79: 242 | H79: regular | I79: low | J79: regular | K79: high | L79: 10000033 | M79: Tuberías ABC, S.A. de C.V. | N79: 22.76 | O79: 30 | P79: 45403 | Q79: 45410 | R79: 45410 | S79: 45410 | T79: 45448 | U79: 45445 | V79: 45446 | W79: 45488 | X79: 45488 | Y79: 45488 | Z79: 7.2 | AA79: TRUE | AB79: 35 | AC79: 5507.92 | AD79: TRUE | AE79: TRUE | AF79: TRUE | AG79: TRUE
A80: 2 | B80: Juneau | C80: ECN0000307 | D80: 45400 | E80: A0D000004 | F80: medium | G80: 242 | H80: regular | I80: low | J80: regular | K80: high | L80: 10000033 | M80: Tuberías ABC, S.A. de C.V. | N80: 7.89 | O80: 30 | P80: 45403 | Q80: 45410 | R80: 45410 | S80: 45410 | T80: 45448 | U80: 45445 | V80: 45446 | W80: 45488 | X80: 45488 | Y80: 45488 | Z80: 7.2 | AA80: TRUE | AB80: 35 | AC80: 1909.38 | AD80: TRUE | AE80: TRUE | AF80: TRUE | AG80: TRUE
A81: 2 | B81: Juneau | C81: ECN0000307 | D81: 45400 | E81: A0E000004 | F81: high | G81: 242 | H81: regular | I81: low | J81: regular | K81: high | L81: 10000033 | M81: Tuberías ABC, S.A. de C.V. | N81: 111.79 | O81: 30 | P81: 45403 | Q81: 45410 | R81: 45410 | S81: 45410 | T81: 45448 | U81: 45445 | V81: 45446 | W81: 45488 | X81: 45488 | Y81: 45488 | Z81: 7.2 | AA81: TRUE | AB81: 35 | AC81: 27053.18 | AD81: TRUE | AE81: TRUE | AF81: TRUE | AG81: TRUE
A82: 2 | B82: Juneau | C82: ECN0000307 | D82: 45400 | E82: A0E000005 | F82: high | G82: 242 | H82: regular | I82: low | J82: regular | K82: high | L82: 10000033 | M82: Tuberías ABC, S.A. de C.V. | N82: 112.88 | O82: 30 | P82: 45403 | Q82: 45410 | R82: 45410 | S82: 45410 | T82: 45448 | U82: 45445 | V82: 45446 | W82: 45488 | X82: 45488 | Y82: 45488 | Z82: 7.2 | AA82: TRUE | AB82: 35 | AC82: 27316.96 | AD82: TRUE | AE82: TRUE | AF82: TRUE | AG82: TRUE
A83: 2 | B83: Juneau | C83: ECN0000307 | D83: 45400 | E83: A0G000335 | F83: high | G83: 242 | H83: regular | I83: low | J83: regular | K83: high | L83: 10000033 | M83: Tuberías ABC, S.A. de C.V. | N83: 125.17 | O83: 30 | P83: 45403 | Q83: 45410 | R83: 45410 | S83: 45410 | T83: 45448 | U83: 45445 | V83: 45446 | W83: 45488 | X83: 45488 | Y83: 45488 | Z83: 7.2 | AA83: TRUE | AB83: 35 | AC83: 30291.14 | AD83: TRUE | AE83: TRUE | AF83: TRUE | AG83: TRUE
A84: 2 | B84: Juneau | C84: ECN0000307 | D84: 45400 | E84: A0G000336 | F84: high | G84: 242 | H84: regular | I84: low | J84: regular | K84: high | L84: 10000033 | M84: Tuberías ABC, S.A. de C.V. | N84: 117.78 | O84: 30 | P84: 45403 | Q84: 45410 | R84: 45410 | S84: 45410 | T84: 45448 | U84: 45445 | V84: 45446 | W84: 45488 | X84: 45488 | Y84: 45488 | Z84: 7.2 | AA84: TRUE | AB84: 35 | AC84: 28502.76 | AD84: TRUE | AE84: TRUE | AF84: TRUE | AG84: TRUE
A85: 2 | B85: Juneau | C85: ECN0000307 | D85: 45400 | E85: A0A000013 | F85: low | G85: 242 | H85: regular | I85: high | J85: low | K85: regular | L85: 10000047 | M85: Tuberías DEF, S. de R.L. | N85: 13.66 | O85: 14 | P85: 45408 | Q85: 45446 | Z85: 38 | AC85: 3305.72 | AD85: 0
A86: 2 | B86: Juneau | C86: ECN0000307 | D86: 45400 | E86: A0C000001 | F86: low | G86: 242 | H86: regular | I86: high | J86: low | K86: regular | L86: 10000047 | M86: Tuberías DEF, S. de R.L. | N86: 15.67 | O86: 14 | P86: 45408 | Q86: 45446 | Z86: 38 | AC86: 3792.14 | AD86: 0
A87: 2 | B87: Juneau | C87: ECN0000307 | D87: 45400 | E87: A0D000004 | F87: medium | G87: 242 | H87: regular | I87: high | J87: low | K87: regular | L87: 10000047 | M87: Tuberías DEF, S. de R.L. | N87: 35.07 | O87: 14 | P87: 45408 | Q87: 45446 | Z87: 38 | AC87: 8486.94 | AD87: 0
A88: 2 | B88: Juneau | C88: ECN0000307 | D88: 45400 | E88: A0E000004 | F88: high | G88: 242 | H88: regular | I88: high | J88: low | K88: regular | L88: 10000047 | M88: Tuberías DEF, S. de R.L. | N88: 67.01 | O88: 14 | P88: 45408 | Q88: 45446 | Z88: 38 | AC88: 16216.42 | AD88: 0
A89: 2 | B89: Juneau | C89: ECN0000307 | D89: 45400 | E89: A0E000005 | F89: high | G89: 242 | H89: regular | I89: high | J89: low | K89: regular | L89: 10000047 | M89: Tuberías DEF, S. de R.L. | N89: 99.6 | O89: 14 | P89: 45408 | Q89: 45446 | Z89: 38 | AC89: 24103.2 | AD89: 0
A90: 2 | B90: Juneau | C90: ECN0000307 | D90: 45400 | E90: A0G000335 | F90: high | G90: 242 | H90: regular | I90: high | J90: low | K90: regular | L90: 10000047 | M90: Tuberías DEF, S. de R.L. | N90: 107.39 | O90: 14 | P90: 45408 | Q90: 45446 | Z90: 38 | AC90: 25988.38 | AD90: 0
A91: 2 | B91: Juneau | C91: ECN0000307 | D91: 45400 | E91: A0G000336 | F91: high | G91: 242 | H91: regular | I91: high | J91: low | K91: regular | L91: 10000047 | M91: Tuberías DEF, S. de R.L. | N91: 93.79 | O91: 14 | P91: 45408 | Q91: 45446 | Z91: 38 | AC91: 22697.18 | AD91: 0
A92: 2 | B92: Juneau | C92: ECN0000307 | D92: 45400 | E92: A0A000013 | F92: low | G92: 242 | H92: high | I92: high | J92: low | K92: low | L92: 10000073 | M92: Tuberías GHI, S.A.S. | N92: 13.92 | O92: 28 | P92: 45400 | Q92: 45454 | Z92: 54 | AC92: 3368.64 | AD92: 0
A93: 2 | B93: Juneau | C93: ECN0000307 | D93: 45400 | E93: A0C000001 | F93: low | G93: 242 | H93: high | I93: high | J93: low | K93: low | L93: 10000073 | M93: Tuberías GHI, S.A.S. | N93: 26.97 | O93: 28 | P93: 45400 | Q93: 45454 | Z93: 54 | AC93: 6526.74 | AD93: 0
A94: 2 | B94: Juneau | C94: ECN0000307 | D94: 45400 | E94: A0D000004 | F94: medium | G94: 242 | H94: high | I94: high | J94: low | K94: low | L94: 10000073 | M94: Tuberías GHI, S.A.S. | N94: 1.64 | O94: 28 | P94: 45400 | Q94: 45454 | Z94: 54 | AC94: 396.88 | AD94: 0
A95: 2 | B95: Juneau | C95: ECN0000307 | D95: 45400 | E95: A0E000004 | F95: high | G95: 242 | H95: high | I95: high | J95: low | K95: low | L95: 10000073 | M95: Tuberías GHI, S.A.S. | N95: 104.54 | O95: 28 | P95: 45400 | Q95: 45454 | Z95: 54 | AC95: 25298.68 | AD95: 0
A96: 2 | B96: Juneau | C96: ECN0000307 | D96: 45400 | E96: A0E000005 | F96: high | G96: 242 | H96: high | I96: high | J96: low | K96: low | L96: 10000073 | M96: Tuberías GHI, S.A.S. | N96: 62.59 | O96: 28 | P96: 45400 | Q96: 45454 | Z96: 54 | AC96: 15146.78 | AD96: 0
... A98: 2 | B98: Juneau | C98: ECN0000307 | D98: 45400 | E98: A0G000336 | F98: high | G98: 242 | H98: high | I98: high | J98: low | K98: low | L98: 10000073 | M98: Tuberías GHI, S.A.S. | N98: 59.34 | O98: 28 | P98: 45400 | Q98: 45454 | Z98: 54 | AC98: 14360.28 | AD98: 0
A99: 2 | B99: Juneau | C99: ECN0000307 | D99: 45400 | E99: A0A000013 | F99: low | G99: 242 | H99: low | I99: low | J99: low | K99: high | L99: 10000082 | M99: Tuberías Súper, S.A.P.I. | N99: 21.06 | P99: 45405 | Q99: 45430 | Z99: 25 | AC99: 5096.52 | AD99: 0
A100: 2 | B100: Juneau | C100: ECN0000307 | D100: 45400 | E100: A0C000001 | F100: low | G100: 242 | H100: low | I100: low | J100: low | K100: high | L100: 10000082 | M100: Tuberías Súper, S.A.P.I. | N100: 11.34 | P100: 45405 | Q100: 45430 | Z100: 25 | AC100: 2744.28 | AD100: 0
A101: 2 | B101: Juneau | C101: ECN0000307 | D101: 45400 | E101: A0D000004 | F101: medium | G101: 242 | H101: low | I101: low | J101: low | K101: high | L101: 10000082 | M101: Tuberías Súper, S.A.P.I. | N101: 81.66 | P101: 45405 | Q101: 45430 | Z101: 25 | AC101: 19761.72 | AD101: 0
...

Sheet Quoted Spend
A1: Iteration | B1: Tuberías ABC, S.A. de C.V. | C1: Tuberías DEF, S. de R.L. | D1: Tuberías GHI, S.A.S. | E1: Tuberías Súper, S.A.P.I. | F1: Total
A2: 1 | B2: =SUMIFS('Raw data'!$AC$2:$AC$15201,'Raw data'!$A$2:$A$15201,'Quoted Spend'!$A2+1,'Raw data'!$M$2:$M$15201,'Quoted Spend'!B$1) -> 475060.47 | C2: =SUMIFS('Raw data'!$AC$2:$AC$15201,'Raw data'!$A$2:$A$15201,'Quoted Spend'!$A2+1,'Raw data'!$M$2:$M$15201,'Quoted Spend'!C$1) -> 384722.15 | D2: =SUMIFS('Raw data'!$AC$2:$AC$15201,'Raw data'!$A$2:$A$15201,'Quoted Spend'!$A2+1,'Raw data'!$M$2:$M$15201,'Quoted Spend'!D$1) -> 332456.91 | E2: =SUMIFS('Raw data'!$AC$2:$AC$15201,'Raw data'!$A$2:$A$15201,'Quoted Spend'!$A2+1,'Raw data'!$M$2:$M$15201,'Quoted Spend'!E$1) -> 344752.57 | F2: =AVERAGE(B2:D2) -> 397413.18
A3: =A2+1 -> 2 | B3: =SUMIFS('Raw data'!$AC$2:$AC$15201,'Raw data'!$A$2:$A$15201,'Quoted Spend'!$A3+1,'Raw data'!$M$2:$M$15201,'Quoted Spend'!B$1) -> 378461.67 | C3: =SUMIFS('Raw data'!$AC$2:$AC$15201,'Raw data'!$A$2:$A$15201,'Quoted Spend'!$A3+1,'Raw data'!$M$2:$M$15201,'Quoted Spend'!C$1) -> 381174.85 | D3: =SUMIFS('Raw data'!$AC$2:$AC$15201,'Raw data'!$A$2:$A$15201,'Quoted Spend'!$A3+1,'Raw data'!$M$2:$M$15201,'Quoted Spend'!D$1) -> 375996.88 | E3: =SUMIFS('Raw data'!$AC$2:$AC$15201,'Raw data'!$A$2:$A$15201,'Quoted Spend'!$A3+1,'Raw data'!$M$2:$M$15201,'Quoted Spend'!E$1) -> 345775.29 | F3: =AVERAGE(B3:D3) -> 378544.47
A4: =A3+1 -> 3 | B4: =SUMIFS('Raw data'!$AC$2:$AC$15201,'Raw data'!$A$2:$A$15201,'Quoted Spend'!$A4+1,'Raw data'!$M$2:$M$15201,'Quoted Spend'!B$1) -> 420699.4 | C4: =SUMIFS('Raw data'!$AC$2:$AC$15201,'Raw data'!$A$2:$A$15201,'Quoted Spend'!$A4+1,'Raw data'!$M$2:$M$15201,'Quoted Spend'!C$1) -> 342917.46 | D4: =SUMIFS('Raw data'!$AC$2:$AC$15201,'Raw data'!$A$2:$A$15201,'Quoted Spend'!$A4+1,'Raw data'!$M$2:$M$15201,'Quoted Spend'!D$1) -> 376741.98 | E4: =SUMIFS('Raw data'!$AC$2:$AC$15201,'Raw data'!$A$2:$A$15201,'Quoted Spend'!$A4+1,'Raw data'!$M$2:$M$15201,'Quoted Spend'!E$1) -> 338845.2 | F4: =AVERAGE(B4:D4) -> 380119.61
A5: =A4+1 -> 4 | B5: =SUMIFS('Raw data'!$AC$2:$AC$15201,'Raw data'!$A$2:$A$15201,'Quoted Spend'!$A5+1,'Raw data'!$M$2:$M$15201,'Quoted Spend'!B$1) -> 462543.57 | C5: =SUMIFS('Raw data'!$AC$2:$AC$15201,'Raw data'!$A$2:$A$15201,'Quoted Spend'!$A5+1,'Raw data'!$M$2:$M$15201,'Quoted Spend'!C$1) -> 319768.91 | D5: =SUMIFS('Raw data'!$AC$2:$AC$15201,'Raw data'!$A$2:$A$15201,'Quoted Spend'!$A5+1,'Raw data'!$M$2:$M$15201,'Quoted Spend'!D$1) -> 404123.89 | E5: =SUMIFS('Raw data'!$AC$2:$AC$15201,'Raw data'!$A$2:$A$15201,'Quoted Spend'!$A5+1,'Raw data'!$M$2:$M$15201,'Quoted Spend'!E$1) -> 353887.58 | F5: =AVERAGE(B5:D5) -> 395478.79
A6: =A5+1 -> 5 | B6: =SUMIFS('Raw data'!$AC$2:$AC$15201,'Raw data'!$A$2:$A$15201,'Quoted Spend'!$A6+1,'Raw data'!$M$2:$M$15201,'Quoted Spend'!B$1) -> 408788.44 | C6: =SUMIFS('Raw data'!$AC$2:$AC$15201,'Raw data'!$A$2:$A$15201,'Quoted Spend'!$A6+1,'Raw data'!$M$2:$M$15201,'Quoted Spend'!C$1) -> 361477.52 | D6: =SUMIFS('Raw data'!$AC$2:$AC$15201,'Raw data'!$A$2:$A$15201,'Quoted Spend'!$A6+1,'Raw data'!$M$2:$M$15201,'Quoted Spend'!D$1) -> 310376.54 | E6: =SUMIFS('Raw data'!$AC$2:$AC$15201,'Raw data'!$A$2:$A$15201,'Quoted Spend'!$A6+1,'Raw data'!$M$2:$M$15201,'Quoted Spend'!E$1) -> 360604.06 | F6: =AVERAGE(B6:D6) -> 360214.17
A7: =A6+1 -> 6 | B7: =SUMIFS('Raw data'!$AC$2:$AC$15201,'Raw data'!$A$2:$A$15201,'Quoted Spend'!$A7+1,'Raw data'!$M$2:$M$15201,'Quoted Spend'!B$1) -> 369643.19 | C7: =SUMIFS('Raw data'!$AC$2:$AC$15201,'Raw data'!$A$2:$A$15201,'Quoted Spend'!$A7+1,'Raw data'!$M$2:$M$15201,'Quoted Spend'!C$1) -> 426907.53 | D7: =SUMIFS('Raw data'!$AC$2:$AC$15201,'Raw data'!$A$2:$A$15201,'Quoted Spend'!$A7+1,'Raw data'!$M$2:$M$15201,'Quoted Spend'!D$1) -> 313902.05 | E7: =SUMIFS('Raw data'!$AC$2:$AC$15201,'Raw data'!$A$2:$A$15201,'Quoted Spend'!$A7+1,'Raw data'!$M$2:$M$15201,'Quoted Spend'!E$1) -> 363265.39 | F7: =AVERAGE(B7:D7) -> 370150.92
A8: =A7+1 -> 7 | B8: =SUMIFS('Raw data'!$AC$2:$AC$15201,'Raw data'!$A$2:$A$15201,'Quoted Spend'!$A8+1,'Raw data'!$M$2:$M$15201,'Quoted Spend'!B$1) -> 489790.89 | C8: =SUMIFS('Raw data'!$AC$2:$AC$15201,'Raw data'!$A$2:$A$15201,'Quoted Spend'!$A8+1,'Raw data'!$M$2:$M$15201,'Quoted Spend'!C$1) -> 367971.67 | D8: =SUMIFS('Raw data'!$AC$2:$AC$15201,'Raw data'!$A$2:$A$15201,'Quoted Spend'!$A8+1,'Raw data'!$M$2:$M$15201,'Quoted Spend'!D$1) -> 383515.51 | E8: =SUMIFS('Raw data'!$AC$2:$AC$15201,'Raw data'!$A$2:$A$15201,'Quoted Spend'!$A8+1,'Raw data'!$M$2:$M$15201,'Quoted Spend'!E$1) -> 324602.58 | F8: =AVERAGE(B8:D8) -> 413759.36
A9: =A8+1 -> 8 | B9: =SUMIFS('Raw data'!$AC$2:$AC$15201,'Raw data'!$A$2:$A$15201,'Quoted Spend'!$A9+1,'Raw data'!$M$2:$M$15201,'Quoted Spend'!B$1) -> 366098.27 | C9: =SUMIFS('Raw data'!$AC$2:$AC$15201,'Raw data'!$A$2:$A$15201,'Quoted Spend'!$A9+1,'Raw data'!$M$2:$M$15201,'Quoted Spend'!C$1) -> 384325.77 | D9: =SUMIFS('Raw data'!$AC$2:$AC$15201,'Raw data'!$A$2:$A$15201,'Quoted Spend'!$A9+1,'Raw data'!$M$2:$M$15201,'Quoted Spend'!D$1) -> 377054.38 | E9: =SUMIFS('Raw data'!$AC$2:$AC$15201,'Raw data'!$A$2:$A$15201,'Quoted Spend'!$A9+1,'Raw data'!$M$2:$M$15201,'Quoted Spend'!E$1) -> 351441.23 | F9: =AVERAGE(B9:D9) -> 375826.14
A10: =A9+1 -> 9 | B10: =SUMIFS('Raw data'!$AC$2:$AC$15201,'Raw data'!$A$2:$A$15201,'Quoted Spend'!$A10+1,'Raw data'!$M$2:$M$15201,'Quoted Spend'!B$1) -> 482704.05 | C10: =SUMIFS('Raw data'!$AC$2:$AC$15201,'Raw data'!$A$2:$A$15201,'Quoted Spend'!$A10+1,'Raw data'!$M$2:$M$15201,'Quoted Spend'!C$1) -> 383118.59 | D10: =SUMIFS('Raw data'!$AC$2:$AC$15201,'Raw data'!$A$2:$A$15201,'Quoted Spend'!$A10+1,'Raw data'!$M$2:$M$15201,'Quoted Spend'!D$1) -> 391515.93 | E10: =SUMIFS('Raw data'!$AC$2:$AC$15201,'Raw data'!$A$2:$A$15201,'Quoted Spend'!$A10+1,'Raw data'!$M$2:$M$15201,'Quoted Spend'!E$1) -> 314433.12 | F10: =AVERAGE(B10:D10) -> 419112.86
A11: =A10+1 -> 10 | B11: =SUMIFS('Raw data'!$AC$2:$AC$15201,'Raw data'!$A$2:$A$15201,'Quoted Spend'!$A11+1,'Raw data'!$M$2:$M$15201,'Quoted Spend'!B$1) -> 453402.08 | C11: =SUMIFS('Raw data'!$AC$2:$AC$15201,'Raw data'!$A$2:$A$15201,'Quoted Spend'!$A11+1,'Raw data'!$M$2:$M$15201,'Quoted Spend'!C$1) -> 390724.56 | D11: =SUMIFS('Raw data'!$AC$2:$AC$15201,'Raw data'!$A$2:$A$15201,'Quoted Spend'!$A11+1,'Raw data'!$M$2:$M$15201,'Quoted Spend'!D$1) -> 397939.3 | E11: =SUMIFS('Raw data'!$AC$2:$AC$15201,'Raw data'!$A$2:$A$15201,'Quoted Spend'!$A11+1,'Raw data'!$M$2:$M$15201,'Quoted Spend'!E$1) -> 371001.15 | F11: =AVERAGE(B11:D11) -> 414021.98
A12: =A11+1 -> 11 | B12: =SUMIFS('Raw data'!$AC$2:$AC$15201,'Raw data'!$A$2:$A$15201,'Quoted Spend'!$A12+1,'Raw data'!$M$2:$M$15201,'Quoted Spend'!B$1) -> 420143.84 | C12: =SUMIFS('Raw data'!$AC$2:$AC$15201,'Raw data'!$A$2:$A$15201,'Quoted Spend'!$A12+1,'Raw data'!$M$2:$M$15201,'Quoted Spend'!C$1) -> 315333.23 | D12: =SUMIFS('Raw data'!$AC$2:$AC$15201,'Raw data'!$A$2:$A$15201,'Quoted Spend'!$A12+1,'Raw data'!$M$2:$M$15201,'Quoted Spend'!D$1) -> 374411.49 | E12: =SUMIFS('Raw data'!$AC$2:$AC$15201,'Raw data'!$A$2:$A$15201,'Quoted Spend'!$A12+1,'Raw data'!$M$2:$M$15201,'Quoted Spend'!E$1) -> 388174.24 | F12: =AVERAGE(B12:D12) -> 369962.85
A13: =A12+1 -> 12 | B13: =SUMIFS('Raw data'!$AC$2:$AC$15201,'Raw data'!$A$2:$A$15201,'Quoted Spend'!$A13+1,'Raw data'!$M$2:$M$15201,'Quoted Spend'!B$1) -> 450611.44 | C13: =SUMIFS('Raw data'!$AC$2:$AC$15201,'Raw data'!$A$2:$A$15201,'Quoted Spend'!$A13+1,'Raw data'!$M$2:$M$15201,'Quoted Spend'!C$1) -> 364965.09 | D13: =SUMIFS('Raw data'!$AC$2:$AC$15201,'Raw data'!$A$2:$A$15201,'Quoted Spend'!$A13+1,'Raw data'!$M$2:$M$15201,'Quoted Spend'!D$1) -> 383956.68 | E13: =SUMIFS('Raw data'!$AC$2:$AC$15201,'Raw data'!$A$2:$A$15201,'Quoted Spend'!$A13+1,'Raw data'!$M$2:$M$15201,'Quoted Spend'!E$1) -> 370483.88 | F13: =AVERAGE(B13:D13) -> 399844.4
A14: =A13+1 -> 13 | B14: =SUMIFS('Raw data'!$AC$2:$AC$15201,'Raw data'!$A$2:$A$15201,'Quoted Spend'!$A14+1,'Raw data'!$M$2:$M$15201,'Quoted Spend'!B$1) -> 422688.56 | C14: =SUMIFS('Raw data'!$AC$2:$AC$15201,'Raw data'!$A$2:$A$15201,'Quoted Spend'!$A14+1,'Raw data'!$M$2:$M$15201,'Quoted Spend'!C$1) -> 372789.82 | D14: =SUMIFS('Raw data'!$AC$2:$AC$15201,'Raw data'!$A$2:$A$15201,'Quoted Spend'!$A14+1,'Raw data'!$M$2:$M$15201,'Quoted Spend'!D$1) -> 292012.32 | E14: =SUMIFS('Raw data'!$AC$2:$AC$15201,'Raw data'!$A$2:$A$15201,'Quoted Spend'!$A14+1,'Raw data'!$M$2:$M$15201,'Quoted Spend'!E$1) -> 366519.6 | F14: =AVERAGE(B14:D14) -> 362496.9
... A101: =A100+1 -> 100 | B101: =SUMIFS('Raw data'!$AC$2:$AC$15201,'Raw data'!$A$2:$A$15201,'Quoted Spend'!$A101+1,'Raw data'!$M$2:$M$15201,'Quoted Spend'!B$1) -> 376121.19 | C101: =SUMIFS('Raw data'!$AC$2:$AC$15201,'Raw data'!$A$2:$A$15201,'Quoted Spend'!$A101+1,'Raw data'!$M$2:$M$15201,'Quoted Spend'!C$1) -> 381950.31 | D101: =SUMIFS('Raw data'!$AC$2:$AC$15201,'Raw data'!$A$2:$A$15201,'Quoted Spend'!$A101+1,'Raw data'!$M$2:$M$15201,'Quoted Spend'!D$1) -> 322399.12 | E101: =SUMIFS('Raw data'!$AC$2:$AC$15201,'Raw data'!$A$2:$A$15201,'Quoted Spend'!$A101+1,'Raw data'!$M$2:$M$15201,'Quoted Spend'!E$1) -> 369915.2 | F101: =AVERAGE(B101:D101) -> 360156.87
A102: AVG | B102: =AVERAGE(B2:B101) -> 427411.07 | C102: =AVERAGE(C2:C101) -> 360527.04 | D102: =AVERAGE(D2:D101) -> 362652.3 | E102: =AVERAGE(E2:E101) -> 356339.65 | F102: =AVERAGE(F2:F101) -> 383530.13 | G102: =AVERAGE(B2:D101) -> 383530.13
A103: STDEV | B103: =STDEV(B2:B101) -> 40162.286 | C103: =STDEV(C2:C101) -> 29373.334 | D103: =STDEV(D2:D101) -> 30612.951 | E103: =STDEV(E2:E101) -> 29340.037 | F103: =STDEV(F2:F101) -> 19867.384 | G103: =STDEV(B2:D101) -> 45790.668
