Workbook

Sheet Raw data
A1: Iteration | B1: Project | C1: ECN | D1: ECN release | E1: Part number | F1: Complexity | G1: EAU | H1: Delivery profile | I1: Quotation profile | J1: Price profile | K1: Punctuality profile | L1: Supplier ID | M1: Supplier name | N1: Price | O1: Lead time | P1: RFQ date | Q1: Quotation date | R1: REQ date | S1: PO date | T1: ETA | U1: Delivery date | V1: ISIR documents | W1: ISIR approval | X1: PPAP approval | Y1: Contract date | Z1: Quotation time | AA1: OTD | AB1: Delivery time | AC1: FY Spend | AD1: Awarded | AE1: MCS ready | AF1: Pilot ready | AG1: SOP ready | AH1: Unnamed: 0
A2: 1 | B2: Juneau | C2: ECN0000301 | D2: 45483 | E2: A0A000001 | F2: medium | G2: 224 | H2: regular | I2: low | J2: regular | K2: high | L2: 10000033 | M2: Tuberías ABC, S.A. de C.V. | N2: 3.32 | O2: 30 | P2: 45491 | Q2: 45510 | R2: 45510 | S2: 45516 | T2: 45553 | U2: 45556 | V2: 45556 | W2: 45575 | X2: 45579 | Y2: 45579 | Z2: 19 | AA2: FALSE | AB2: 40 | AC2: 743.68 | AD2: TRUE | AE2: FALSE | AF2: FALSE | AG2: TRUE
A3: 1 | B3: Juneau | C3: ECN0000301 | D3: 45483 | E3: A0D000001 | F3: medium | G3: 224 | H3: regular | I3: low | J3: regular | K3: high | L3: 10000033 | M3: Tuberías ABC, S.A. de C.V. | N3: 82.15 | O3: 30 | P3: 45491 | Q3: 45510 | R3: 45510 | S3: 45516 | T3: 45553 | U3: 45556 | V3: 45556 | W3: 45575 | X3: 45579 | Y3: 45579 | Z3: 19 | AA3: FALSE | AB3: 40 | AC3: 18401.6 | AD3: TRUE | AE3: FALSE | AF3: FALSE | AG3: TRUE
A4: 1 | B4: Juneau | C4: ECN0000302 | D4: 45490 | E4: A0A000002 | F4: medium | G4: 23 | H4: low | I4: low | J4: low | K4: high | L4: 10000082 | M4: Tuberías Súper, S.A.P.I. | N4: 31.19 | P4: 45493 | Q4: 45500 | R4: 45514 | S4: 45519 | T4: 45539 | U4: 45538 | V4: 45538 | W4: 45559 | X4: 45559 | Y4: 45562 | Z4: 7.2 | AA4: TRUE | AB4: 19 | AC4: 717.37 | AD4: TRUE | AE4: FALSE | AF4: FALSE | AG4: TRUE
A5: 1 | B5: Juneau | C5: ECN0000302 | D5: 45490 | E5: A0A000003 | F5: low | G5: 23 | H5: low | I5: low | J5: low | K5: high | L5: 10000082 | M5: Tuberías Súper, S.A.P.I. | N5: 28.34 | P5: 45493 | Q5: 45500 | R5: 45514 | S5: 45519 | T5: 45539 | U5: 45538 | V5: 45538 | W5: 45559 | X5: 45559 | Y5: 45562 | Z5: 7.2 | AA5: TRUE | AB5: 19 | AC5: 651.82 | AD5: TRUE | AE5: FALSE | AF5: FALSE | AG5: TRUE
A6: 1 | B6: Juneau | C6: ECN0000302 | D6: 45490 | E6: A0A000004 | F6: low | G6: 23 | H6: low | I6: low | J6: low | K6: high | L6: 10000082 | M6: Tuberías Súper, S.A.P.I. | N6: 14.28 | P6: 45493 | Q6: 45500 | R6: 45514 | S6: 45519 | T6: 45539 | U6: 45538 | V6: 45538 | W6: 45559 | X6: 45559 | Y6: 45562 | Z6: 7.2 | AA6: TRUE | AB6: 19 | AC6: 328.44 | AD6: TRUE | AE6: FALSE | AF6: FALSE | AG6: TRUE
A7: 1 | B7: Juneau | C7: ECN0000302 | D7: 45490 | E7: A0A000005 | F7: low | G7: 23 | H7: low | I7: low | J7: low | K7: high | L7: 10000082 | M7: Tuberías Súper, S.A.P.I. | N7: 19.56 | P7: 45493 | Q7: 45500 | R7: 45514 | S7: 45519 | T7: 45539 | U7: 45538 | V7: 45538 | W7: 45559 | X7: 45559 | Y7: 45562 | Z7: 7.2 | AA7: TRUE | AB7: 19 | AC7: 449.88 | AD7: TRUE | AE7: FALSE | AF7: FALSE | AG7: TRUE
A8: 1 | B8: Juneau | C8: ECN0000303 | D8: 45493 | E8: A0A000006 | F8: medium | G8: 295 | H8: regular | I8: low | J8: regular | K8: high | L8: 10000033 | M8: Tuberías ABC, S.A. de C.V. | N8: 12.25 | O8: 30 | P8: 45496 | Q8: 45520 | R8: 45533 | S8: 45533 | T8: 45573 | U8: 45573 | V8: 45573 | W8: 45596 | X8: 45596 | Y8: 45604 | Z8: 24 | AA8: TRUE | AB8: 40 | AC8: 3613.75 | AD8: TRUE | AE8: FALSE | AF8: FALSE | AG8: FALSE
A9: 1 | B9: Juneau | C9: ECN0000303 | D9: 45493 | E9: A0A000007 | F9: low | G9: 295 | H9: regular | I9: low | J9: regular | K9: high | L9: 10000033 | M9: Tuberías ABC, S.A. de C.V. | N9: 24.73 | O9: 30 | P9: 45496 | Q9: 45520 | R9: 45533 | S9: 45533 | T9: 45573 | U9: 45573 | V9: 45573 | W9: 45596 | X9: 45596 | Y9: 45604 | Z9: 24 | AA9: TRUE | AB9: 40 | AC9: 7295.35 | AD9: TRUE | AE9: FALSE | AF9: FALSE | AG9: FALSE
A10: 1 | B10: Juneau | C10: ECN0000303 | D10: 45493 | E10: A0G000334 | F10: high | G10: 295 | H10: regular | I10: low | J10: regular | K10: high | L10: 10000033 | M10: Tuberías ABC, S.A. de C.V. | N10: 113.3 | O10: 30 | P10: 45496 | Q10: 45520 | R10: 45533 | S10: 45533 | T10: 45573 | U10: 45573 | V10: 45573 | W10: 45596 | X10: 45596 | Y10: 45604 | Z10: 24 | AA10: TRUE | AB10: 40 | AC10: 33423.5 | AD10: TRUE | AE10: FALSE | AF10: FALSE | AG10: FALSE
A11: 1 | B11: Juneau | C11: ECN0000304 | D11: 45329 | E11: A0E000001 | F11: high | G11: 256 | H11: regular | I11: high | J11: low | K11: regular | L11: 10000047 | M11: Tuberías DEF, S. de R.L. | N11: 119.61 | O11: 14 | P11: 45339 | Q11: 45403 | R11: 45418 | S11: 45426 | T11: 45451 | U11: 45450 | V11: 45450 | W11: 45492 | X11: 45497 | Y11: 45506 | Z11: 64 | AA11: TRUE | AB11: 24 | AC11: 30620.16 | AD11: TRUE | AE11: TRUE | AF11: TRUE | AG11: TRUE
A12: 1 | B12: Juneau | C12: ECN0000304 | D12: 45329 | E12: A0E000002 | F12: high | G12: 256 | H12: regular | I12: high | J12: low | K12: regular | L12: 10000047 | M12: Tuberías DEF, S. de R.L. | N12: 73.55 | O12: 14 | P12: 45339 | Q12: 45403 | R12: 45418 | S12: 45426 | T12: 45451 | U12: 45450 | V12: 45450 | W12: 45492 | X12: 45497 | Y12: 45506 | Z12: 64 | AA12: TRUE | AB12: 24 | AC12: 18828.8 | AD12: TRUE | AE12: TRUE | AF12: TRUE | AG12: TRUE
A13: 1 | B13: Juneau | C13: ECN0000304 | D13: 45329 | E13: A0E000003 | F13: high | G13: 256 | H13: regular | I13: high | J13: low | K13: regular | L13: 10000047 | M13: Tuberías DEF, S. de R.L. | N13: 75.71 | O13: 14 | P13: 45339 | Q13: 45403 | R13: 45418 | S13: 45426 | T13: 45451 | U13: 45450 | V13: 45450 | W13: 45492 | X13: 45497 | Y13: 45506 | Z13: 64 | AA13: TRUE | AB13: 24 | AC13: 19381.76 | AD13: TRUE | AE13: TRUE | AF13: TRUE | AG13: TRUE
A14: 1 | B14: Juneau | C14: ECN0000305 | D14: 45356 | E14: A0A000008 | F14: low | G14: 23 | H14: high | I14: high | J14: low | K14: low | L14: 10000073 | M14: Tuberías GHI, S.A.S. | N14: 2.77 | O14: 28 | P14: 45361 | Q14: 45434 | R14: 45437 | S14: 45446 | T14: 45479 | U14: 45480 | V14: 45480 | W14: 45480 | X14: 45488 | Y14: 45488 | Z14: 73 | AA14: FALSE | AB14: 34 | AC14: 63.71 | AD14: TRUE | AE14: FALSE | AF14: TRUE | AG14: TRUE
A15: 1 | B15: Juneau | C15: ECN0000305 | D15: 45356 | E15: A0A000009 | F15: low | G15: 23 | H15: high | I15: high | J15: low | K15: low | L15: 10000073 | M15: Tuberías GHI, S.A.S. | N15: 7.73 | O15: 28 | P15: 45361 | Q15: 45434 | R15: 45437 | S15: 45446 | T15: 45479 | U15: 45480 | V15: 45480 | W15: 45480 | X15: 45488 | Y15: 45488 | Z15: 73 | AA15: FALSE | AB15: 34 | AC15: 177.79 | AD15: TRUE | AE15: FALSE | AF15: TRUE | AG15: TRUE
A16: 1 | B16: Juneau | C16: ECN0000305 | D16: 45356 | E16: A0A000010 | F16: medium | G16: 23 | H16: high | I16: high | J16: low | K16: low | L16: 10000073 | M16: Tuberías GHI, S.A.S. | N16: 52.64 | O16: 28 | P16: 45361 | Q16: 45434 | R16: 45437 | S16: 45446 | T16: 45479 | U16: 45480 | V16: 45480 | W16: 45480 | X16: 45488 | Y16: 45488 | Z16: 73 | AA16: FALSE | AB16: 34 | AC16: 1210.72 | AD16: TRUE | AE16: FALSE | AF16: TRUE | AG16: TRUE
A17: 1 | B17: Juneau | C17: ECN0000305 | D17: 45356 | E17: A0D000002 | F17: medium | G17: 23 | H17: high | I17: high | J17: low | K17: low | L17: 10000073 | M17: Tuberías GHI, S.A.S. | N17: 34.22 | O17: 28 | P17: 45361 | Q17: 45434 | R17: 45437 | S17: 45446 | T17: 45479 | U17: 45480 | V17: 45480 | W17: 45480 | X17: 45488 | Y17: 45488 | Z17: 73 | AA17: FALSE | AB17: 34 | AC17: 787.06 | AD17: TRUE | AE17: FALSE | AF17: TRUE | AG17: TRUE
A18: 1 | B18: Juneau | C18: ECN0000306 | D18: 45546 | E18: A0A000011 | F18: medium | G18: 23 | H18: regular | I18: low | J18: regular | K18: high | L18: 10000033 | M18: Tuberías ABC, S.A. de C.V. | N18: 1.93 | O18: 30 | P18: 45546 | Q18: 45553 | R18: 45574 | S18: 45581 | T18: 45632 | U18: 45631 | V18: 45633 | W18: 45658 | X18: 45658 | Y18: 45659 | Z18: 7.2 | AA18: TRUE | AB18: 50 | AC18: 44.39 | AD18: TRUE | AE18: FALSE | AF18: FALSE | AG18: FALSE
A19: 1 | B19: Juneau | C19: ECN0000306 | D19: 45546 | E19: A0A000012 | F19: low | G19: 23 | H19: regular | I19: low | J19: regular | K19: high | L19: 10000033 | M19: Tuberías ABC, S.A. de C.V. | N19: 9.41 | O19: 30 | P19: 45546 | Q19: 45553 | R19: 45574 | S19: 45581 | T19: 45632 | U19: 45631 | V19: 45633 | W19: 45658 | X19: 45658 | Y19: 45659 | Z19: 7.2 | AA19: TRUE | AB19: 50 | AC19: 216.43 | AD19: TRUE | AE19: FALSE | AF19: FALSE | AG19: FALSE
A20: 1 | B20: Juneau | C20: ECN0000306 | D20: 45546 | E20: A0D000003 | F20: medium | G20: 23 | H20: regular | I20: low | J20: regular | K20: high | L20: 10000033 | M20: Tuberías ABC, S.A. de C.V. | N20: 50.51 | O20: 30 | P20: 45546 | Q20: 45553 | R20: 45574 | S20: 45581 | T20: 45632 | U20: 45631 | V20: 45633 | W20: 45658 | X20: 45658 | Y20: 45659 | Z20: 7.2 | AA20: TRUE | AB20: 50 | AC20: 1161.73 | AD20: TRUE | AE20: FALSE | AF20: FALSE | AG20: FALSE
A21: 1 | B21: Juneau | C21: ECN0000307 | D21: 45400 | E21: A0A000013 | F21: low | G21: 242 | H21: low | I21: low | J21: low | K21: high | L21: 10000082 | M21: Tuberías Súper, S.A.P.I. | N21: 9.88 | P21: 45410 | Q21: 45426 | R21: 45440 | S21: 45446 | T21: 45489 | U21: 45495 | V21: 45497 | W21: 45546 | X21: 45546 | Y21: 45546 | Z21: 16 | AA21: FALSE | AB21: 49 | AC21: 2390.96 | AD21: TRUE | AE21: FALSE | AF21: FALSE | AG21: TRUE
A22: 1 | B22: Juneau | C22: ECN0000307 | D22: 45400 | E22: A0C000001 | F22: low | G22: 242 | H22: low | I22: low | J22: low | K22: high | L22: 10000082 | M22: Tuberías Súper, S.A.P.I. | N22: 19.9 | P22: 45410 | Q22: 45426 | R22: 45440 | S22: 45446 | T22: 45489 | U22: 45495 | V22: 45497 | W22: 45546 | X22: 45546 | Y22: 45546 | Z22: 16 | AA22: FALSE | AB22: 49 | AC22: 4815.8 | AD22: TRUE | AE22: FALSE | AF22: FALSE | AG22: TRUE
A23: 1 | B23: Juneau | C23: ECN0000307 | D23: 45400 | E23: A0D000004 | F23: medium | G23: 242 | H23: low | I23: low | J23: low | K23: high | L23: 10000082 | M23: Tuberías Súper, S.A.P.I. | N23: 54.79 | P23: 45410 | Q23: 45426 | R23: 45440 | S23: 45446 | T23: 45489 | U23: 45495 | V23: 45497 | W23: 45546 | X23: 45546 | Y23: 45546 | Z23: 16 | AA23: FALSE | AB23: 49 | AC23: 13259.18 | AD23: TRUE | AE23: FALSE | AF23: FALSE | AG23: TRUE
A24: 1 | B24: Juneau | C24: ECN0000307 | D24: 45400 | E24: A0E000004 | F24: high | G24: 242 | H24: low | I24: low | J24: low | K24: high | L24: 10000082 | M24: Tuberías Súper, S.A.P.I. | N24: 140.61 | P24: 45410 | Q24: 45426 | R24: 45440 | S24: 45446 | T24: 45489 | U24: 45495 | V24: 45497 | W24: 45546 | X24: 45546 | Y24: 45546 | Z24: 16 | AA24: FALSE | AB24: 49 | AC24: 34027.62 | AD24: TRUE | AE24: FALSE | AF24: FALSE | AG24: TRUE
A25: 1 | B25: Juneau | C25: ECN0000307 | D25: 45400 | E25: A0E000005 | F25: high | G25: 242 | H25: low | I25: low | J25: low | K25: high | L25: 10000082 | M25: Tuberías Súper, S.A.P.I. | N25: 52.36 | P25: 45410 | Q25: 45426 | R25: 45440 | S25: 45446 | T25: 45489 | U25: 45495 | V25: 45497 | W25: 45546 | X25: 45546 | Y25: 45546 | Z25: 16 | AA25: FALSE | AB25: 49 | AC25: 12671.12 | AD25: TRUE | AE25: FALSE | AF25: FALSE | AG25: TRUE
A26: 1 | B26: Juneau | C26: ECN0000307 | D26: 45400 | E26: A0G000335 | F26: high | G26: 242 | H26: low | I26: low | J26: low | K26: high | L26: 10000082 | M26: Tuberías Súper, S.A.P.I. | N26: 118.13 | P26: 45410 | Q26: 45426 | R26: 45440 | S26: 45446 | T26: 45489 | U26: 45495 | V26: 45497 | W26: 45546 | X26: 45546 | Y26: 45546 | Z26: 16 | AA26: FALSE | AB26: 49 | AC26: 28587.46 | AD26: TRUE | AE26: FALSE | AF26: FALSE | AG26: TRUE
A27: 1 | B27: Juneau | C27: ECN0000307 | D27: 45400 | E27: A0G000336 | F27: high | G27: 242 | H27: low | I27: low | J27: low | K27: high | L27: 10000082 | M27: Tuberías Súper, S.A.P.I. | N27: 64.73 | P27: 45410 | Q27: 45426 | R27: 45440 | S27: 45446 | T27: 45489 | U27: 45495 | V27: 45497 | W27: 45546 | X27: 45546 | Y27: 45546 | Z27: 16 | AA27: FALSE | AB27: 49 | AC27: 15664.66 | AD27: TRUE | AE27: FALSE | AF27: FALSE | AG27: TRUE
A28: 1 | B28: Juneau | C28: ECN0000308 | D28: 45422 | E28: A0A000014 | F28: low | G28: 156 | H28: regular | I28: high | J28: low | K28: regular | L28: 10000047 | M28: Tuberías DEF, S. de R.L. | N28: 8.33 | O28: 14 | P28: 45425 | Q28: 45473 | R28: 45481 | S28: 45488 | T28: 45500 | U28: 45499 | V28: 45499 | W28: 45564 | X28: 45564 | Y28: 45564 | Z28: 48 | AA28: TRUE | AB28: 11 | AC28: 1299.48 | AD28: TRUE | AE28: FALSE | AF28: FALSE | AG28: TRUE
A29: 1 | B29: Juneau | C29: ECN0000308 | D29: 45422 | E29: A0A000015 | F29: medium | G29: 156 | H29: regular | I29: high | J29: low | K29: regular | L29: 10000047 | M29: Tuberías DEF, S. de R.L. | N29: 70.58 | O29: 14 | P29: 45425 | Q29: 45473 | R29: 45481 | S29: 45488 | T29: 45500 | U29: 45499 | V29: 45499 | W29: 45564 | X29: 45564 | Y29: 45564 | Z29: 48 | AA29: TRUE | AB29: 11 | AC29: 11010.48 | AD29: TRUE | AE29: FALSE | AF29: FALSE | AG29: TRUE
A30: 1 | B30: Juneau | C30: ECN0000308 | D30: 45422 | E30: A0C000002 | F30: low | G30: 156 | H30: regular | I30: high | J30: low | K30: regular | L30: 10000047 | M30: Tuberías DEF, S. de R.L. | N30: 12.53 | O30: 14 | P30: 45425 | Q30: 45473 | R30: 45481 | S30: 45488 | T30: 45500 | U30: 45499 | V30: 45499 | W30: 45564 | X30: 45564 | Y30: 45564 | Z30: 48 | AA30: TRUE | AB30: 11 | AC30: 1954.68 | AD30: TRUE | AE30: FALSE | AF30: FALSE | AG30: TRUE
A31: 1 | B31: Juneau | C31: ECN0000308 | D31: 45422 | E31: A0C000003 | F31: low | G31: 156 | H31: regular | I31: high | J31: low | K31: regular | L31: 10000047 | M31: Tuberías DEF, S. de R.L. | N31: 18.14 | O31: 14 | P31: 45425 | Q31: 45473 | R31: 45481 | S31: 45488 | T31: 45500 | U31: 45499 | V31: 45499 | W31: 45564 | X31: 45564 | Y31: 45564 | Z31: 48 | AA31: TRUE | AB31: 11 | AC31: 2829.84 | AD31: TRUE | AE31: FALSE | AF31: FALSE | AG31: TRUE
A32: 1 | B32: Juneau | C32: ECN0000308 | D32: 45422 | E32: A0G000337 | F32: high | G32: 156 | H32: regular | I32: high | J32: low | K32: regular | L32: 10000047 | M32: Tuberías DEF, S. de R.L. | N32: 97.44 | O32: 14 | P32: 45425 | Q32: 45473 | R32: 45481 | S32: 45488 | T32: 45500 | U32: 45499 | V32: 45499 | W32: 45564 | X32: 45564 | Y32: 45564 | Z32: 48 | AA32: TRUE | AB32: 11 | AC32: 15200.64 | AD32: TRUE | AE32: FALSE | AF32: FALSE | AG32: TRUE
A33: 1 | B33: Juneau | C33: ECN0000309 | D33: 45386 | E33: A0A000016 | F33: low | G33: 554 | H33: high | I33: high | J33: low | K33: low | L33: 10000073 | M33: Tuberías GHI, S.A.S. | N33: 10.18 | O33: 28 | P33: 45392 | Q33: 45432 | R33: 45436 | S33: 45441 | T33: 45466 | U33: 45471 | V33: 45472 | W33: 45472 | X33: 45481 | Y33: 45482 | Z33: 40 | AA33: FALSE | AB33: 30 | AC33: 5639.72 | AD33: TRUE | AE33: FALSE | AF33: TRUE | AG33: TRUE
A34: 1 | B34: Juneau | C34: ECN0000309 | D34: 45386 | E34: A0B000001 | F34: medium | G34: 554 | H34: high | I34: high | J34: low | K34: low | L34: 10000073 | M34: Tuberías GHI, S.A.S. | N34: 12.67 | O34: 28 | P34: 45392 | Q34: 45432 | R34: 45436 | S34: 45441 | T34: 45466 | U34: 45471 | V34: 45472 | W34: 45472 | X34: 45481 | Y34: 45482 | Z34: 40 | AA34: FALSE | AB34: 30 | AC34: 7019.18 | AD34: TRUE | AE34: FALSE | AF34: TRUE | AG34: TRUE
A35: 1 | B35: Juneau | C35: ECN0000309 | D35: 45386 | E35: A0B000002 | F35: medium | G35: 554 | H35: high | I35: high | J35: low | K35: low | L35: 10000073 | M35: Tuberías GHI, S.A.S. | N35: 8.06 | O35: 28 | P35: 45392 | Q35: 45432 | R35: 45436 | S35: 45441 | T35: 45466 | U35: 45471 | V35: 45472 | W35: 45472 | X35: 45481 | Y35: 45482 | Z35: 40 | AA35: FALSE | AB35: 30 | AC35: 4465.24 | AD35: TRUE | AE35: FALSE | AF35: TRUE | AG35: TRUE
A36: 1 | B36: Juneau | C36: ECN0000309 | D36: 45386 | E36: A0G000338 | F36: high | G36: 554 | H36: high | I36: high | J36: low | K36: low | L36: 10000073 | M36: Tuberías GHI, S.A.S. | N36: 96.88 | O36: 28 | P36: 45392 | Q36: 45432 | R36: 45436 | S36: 45441 | T36: 45466 | U36: 45471 | V36: 45472 | W36: 45472 | X36: 45481 | Y36: 45482 | Z36: 40 | AA36: FALSE | AB36: 30 | AC36: 53671.52 | AD36: TRUE | AE36: FALSE | AF36: TRUE | AG36: TRUE
A37: 1 | B37: Juneau | C37: ECN0000310 | D37: 45525 | E37: A0A000017 | F37: low | G37: 23 | H37: high | I37: high | J37: low | K37: low | L37: 10000073 | M37: Tuberías GHI, S.A.S. | N37: 13.33 | O37: 28 | P37: 45525 | Q37: 45541 | R37: 45551 | S37: 45562 | T37: 45596 | U37: 45595 | V37: 45596 | W37: 45636 | X37: 45638 | Y37: 45641 | Z37: 16 | AA37: TRUE | AB37: 33 | AC37: 306.59 | AD37: TRUE | AE37: FALSE | AF37: FALSE | AG37: FALSE
A38: 1 | B38: Juneau | C38: ECN0000310 | D38: 45525 | E38: A0A000018 | F38: low | G38: 23 | H38: high | I38: high | J38: low | K38: low | L38: 10000073 | M38: Tuberías GHI, S.A.S. | N38: 14.62 | O38: 28 | P38: 45525 | Q38: 45541 | R38: 45551 | S38: 45562 | T38: 45596 | U38: 45595 | V38: 45596 | W38: 45636 | X38: 45638 | Y38: 45641 | Z38: 16 | AA38: TRUE | AB38: 33 | AC38: 336.26 | AD38: TRUE | AE38: FALSE | AF38: FALSE | AG38: FALSE
A39: 1 | B39: Juneau | C39: ECN0000310 | D39: 45525 | E39: A0D000005 | F39: medium | G39: 23 | H39: high | I39: high | J39: low | K39: low | L39: 10000073 | M39: Tuberías GHI, S.A.S. | N39: 61.25 | O39: 28 | P39: 45525 | Q39: 45541 | R39: 45551 | S39: 45562 | T39: 45596 | U39: 45595 | V39: 45596 | W39: 45636 | X39: 45638 | Y39: 45641 | Z39: 16 | AA39: TRUE | AB39: 33 | AC39: 1408.75 | AD39: TRUE | AE39: FALSE | AF39: FALSE | AG39: FALSE
... A41: 2 | B41: Juneau | C41: ECN0000301 | D41: 45483 | E41: A0D000001 | F41: medium | G41: 224 | H41: regular | I41: high | J41: low | K41: regular | L41: 10000047 | M41: Tuberías DEF, S. de R.L. | N41: 47.83 | O41: 14 | P41: 45485 | Q41: 45496 | R41: 45496 | S41: 45504 | T41: 45564 | U41: 45564 | V41: 45564 | W41: 45564 | X41: 45564 | Y41: 45564 | Z41: 11.7 | AA41: TRUE | AB41: 60 | AC41: 10713.92 | AD41: TRUE | AE41: FALSE | AF41: FALSE | AG41: TRUE
A42: 2 | B42: Juneau | C42: ECN0000302 | D42: 45490 | E42: A0A000002 | F42: medium | G42: 23 | H42: low | I42: low | J42: low | K42: high | L42: 10000082 | M42: Tuberías Súper, S.A.P.I. | N42: 36.45 | P42: 45490 | Q42: 45504 | R42: 45513 | S42: 45520 | T42: 45559 | U42: 45557 | V42: 45558 | W42: 45635 | X42: 45644 | Y42: 45649 | Z42: 14 | AA42: TRUE | AB42: 37 | AC42: 838.35 | AD42: TRUE | AE42: FALSE | AF42: FALSE | AG42: FALSE
A43: 2 | B43: Juneau | C43: ECN0000302 | D43: 45490 | E43: A0A000003 | F43: low | G43: 23 | H43: low | I43: low | J43: low | K43: high | L43: 10000082 | M43: Tuberías Súper, S.A.P.I. | N43: 21.82 | P43: 45490 | Q43: 45504 | R43: 45513 | S43: 45520 | T43: 45559 | U43: 45557 | V43: 45558 | W43: 45635 | X43: 45644 | Y43: 45649 | Z43: 14 | AA43: TRUE | AB43: 37 | AC43: 501.86 | AD43: TRUE | AE43: FALSE | AF43: FALSE | AG43: FALSE
A44: 2 | B44: Juneau | C44: ECN0000302 | D44: 45490 | E44: A0A000004 | F44: low | G44: 23 | H44: low | I44: low | J44: low | K44: high | L44: 10000082 | M44: Tuberías Súper, S.A.P.I. | N44: 10.25 | P44: 45490 | Q44: 45504 | R44: 45513 | S44: 45520 | T44: 45559 | U44: 45557 | V44: 45558 | W44: 45635 | X44: 45644 | Y44: 45649 | Z44: 14 | AA44: TRUE | AB44: 37 | AC44: 235.75 | AD44: TRUE | AE44: FALSE | AF44: FALSE | AG44: FALSE
A45: 2 | B45: Juneau | C45: ECN0000302 | D45: 45490 | E45: A0A000005 | F45: low | G45: 23 | H45: low | I45: low | J45: low | K45: high | L45: 10000082 | M45: Tuberías Súper, S.A.P.I. | N45: 8.86 | P45: 45490 | Q45: 45504 | R45: 45513 | S45: 45520 | T45: 45559 | U45: 45557 | V45: 45558 | W45: 45635 | X45: 45644 | Y45: 45649 | Z45: 14 | AA45: TRUE | AB45: 37 | AC45: 203.78 | AD45: TRUE | AE45: FALSE | AF45: FALSE | AG45: FALSE
A46: 2 | B46: Juneau | C46: ECN0000303 | D46: 45493 | E46: A0A000006 | F46: medium | G46: 295 | H46: regular | I46: low | J46: regular | K46: high | L46: 10000033 | M46: Tuberías ABC, S.A. de C.V. | N46: 35.44 | O46: 30 | P46: 45496 | Q46: 45533 | R46: 45535 | S46: 45541 | T46: 45600 | U46: 45600 | V46: 45600 | W46: 45623 | X46: 45641 | Y46: 45644 | Z46: 37 | AA46: TRUE | AB46: 59 | AC46: 10454.8 | AD46: TRUE | AE46: FALSE | AF46: FALSE | AG46: FALSE
A47: 2 | B47: Juneau | C47: ECN0000303 | D47: 45493 | E47: A0A000007 | F47: low | G47: 295 | H47: regular | I47: low | J47: regular | K47: high | L47: 10000033 | M47: Tuberías ABC, S.A. de C.V. | N47: 20.17 | O47: 30 | P47: 45496 | Q47: 45533 | R47: 45535 | S47: 45541 | T47: 45600 | U47: 45600 | V47: 45600 | W47: 45623 | X47: 45641 | Y47: 45644 | Z47: 37 | AA47: TRUE | AB47: 59 | AC47: 5950.15 | AD47: TRUE | AE47: FALSE | AF47: FALSE | AG47: FALSE
A48: 2 | B48: Juneau | C48: ECN0000303 | D48: 45493 | E48: A0G000334 | F48: high | G48: 295 | H48: regular | I48: low | J48: regular | K48: high | L48: 10000033 | M48: Tuberías ABC, S.A. de C.V. | N48: 154.53 | O48: 30 | P48: 45496 | Q48: 45533 | R48: 45535 | S48: 45541 | T48: 45600 | U48: 45600 | V48: 45600 | W48: 45623 | X48: 45641 | Y48: 45644 | Z48: 37 | AA48: TRUE | AB48: 59 | AC48: 45586.35 | AD48: TRUE | AE48: FALSE | AF48: FALSE | AG48: FALSE
A49: 2 | B49: Juneau | C49: ECN0000304 | D49: 45329 | E49: A0E000001 | F49: high | G49: 256 | H49: low | I49: low | J49: low | K49: high | L49: 10000082 | M49: Tuberías Súper, S.A.P.I. | N49: 60.2 | P49: 45329 | Q49: 45360 | R49: 45371 | S49: 45384 | T49: 45409 | U49: 45413 | V49: 45413 | W49: 45461 | X49: 45461 | Y49: 45464 | Z49: 31 | AA49: FALSE | AB49: 29 | AC49: 15411.2 | AD49: TRUE | AE49: TRUE | AF49: TRUE | AG49: TRUE
A50: 2 | B50: Juneau | C50: ECN0000304 | D50: 45329 | E50: A0E000002 | F50: high | G50: 256 | H50: low | I50: low | J50: low | K50: high | L50: 10000082 | M50: Tuberías Súper, S.A.P.I. | N50: 100.01 | P50: 45329 | Q50: 45360 | R50: 45371 | S50: 45384 | T50: 45409 | U50: 45413 | V50: 45413 | W50: 45461 | X50: 45461 | Y50: 45464 | Z50: 31 | AA50: FALSE | AB50: 29 | AC50: 25602.56 | AD50: TRUE | AE50: TRUE | AF50: TRUE | AG50: TRUE
A51: 2 | B51: Juneau | C51: ECN0000304 | D51: 45329 | E51: A0E000003 | F51: high | G51: 256 | H51: low | I51: low | J51: low | K51: high | L51: 10000082 | M51: Tuberías Súper, S.A.P.I. | N51: 116.82 | P51: 45329 | Q51: 45360 | R51: 45371 | S51: 45384 | T51: 45409 | U51: 45413 | V51: 45413 | W51: 45461 | X51: 45461 | Y51: 45464 | Z51: 31 | AA51: FALSE | AB51: 29 | AC51: 29905.92 | AD51: TRUE | AE51: TRUE | AF51: TRUE | AG51: TRUE
A52: 2 | B52: Juneau | C52: ECN0000305 | D52: 45356 | E52: A0A000008 | F52: low | G52: 23 | H52: regular | I52: high | J52: low | K52: regular | L52: 10000047 | M52: Tuberías DEF, S. de R.L. | N52: 13.31 | O52: 14 | P52: 45360 | Q52: 45440 | R52: 45448 | S52: 45455 | T52: 45467 | U52: 45471 | V52: 45471 | W52: 45471 | X52: 45471 | Y52: 45474 | Z52: 80 | AA52: FALSE | AB52: 16 | AC52: 306.13 | AD52: TRUE | AE52: FALSE | AF52: TRUE | AG52: TRUE
A53: 2 | B53: Juneau | C53: ECN0000305 | D53: 45356 | E53: A0A000009 | F53: low | G53: 23 | H53: regular | I53: high | J53: low | K53: regular | L53: 10000047 | M53: Tuberías DEF, S. de R.L. | N53: 18.47 | O53: 14 | P53: 45360 | Q53: 45440 | R53: 45448 | S53: 45455 | T53: 45467 | U53: 45471 | V53: 45471 | W53: 45471 | X53: 45471 | Y53: 45474 | Z53: 80 | AA53: FALSE | AB53: 16 | AC53: 424.81 | AD53: TRUE | AE53: FALSE | AF53: TRUE | AG53: TRUE
A54: 2 | B54: Juneau | C54: ECN0000305 | D54: 45356 | E54: A0A000010 | F54: medium | G54: 23 | H54: regular | I54: high | J54: low | K54: regular | L54: 10000047 | M54: Tuberías DEF, S. de R.L. | N54: 30.28 | O54: 14 | P54: 45360 | Q54: 45440 | R54: 45448 | S54: 45455 | T54: 45467 | U54: 45471 | V54: 45471 | W54: 45471 | X54: 45471 | Y54: 45474 | Z54: 80 | AA54: FALSE | AB54: 16 | AC54: 696.44 | AD54: TRUE | AE54: FALSE | AF54: TRUE | AG54: TRUE
A55: 2 | B55: Juneau | C55: ECN0000305 | D55: 45356 | E55: A0D000002 | F55: medium | G55: 23 | H55: regular | I55: high | J55: low | K55: regular | L55: 10000047 | M55: Tuberías DEF, S. de R.L. | N55: 30.09 | O55: 14 | P55: 45360 | Q55: 45440 | R55: 45448 | S55: 45455 | T55: 45467 | U55: 45471 | V55: 45471 | W55: 45471 | X55: 45471 | Y55: 45474 | Z55: 80 | AA55: FALSE | AB55: 16 | AC55: 692.07 | AD55: TRUE | AE55: FALSE | AF55: TRUE | AG55: TRUE
A56: 2 | B56: Juneau | C56: ECN0000306 | D56: 45546 | E56: A0A000011 | F56: medium | G56: 23 | H56: regular | I56: high | J56: low | K56: regular | L56: 10000047 | M56: Tuberías DEF, S. de R.L. | N56: 67.95 | O56: 14 | P56: 45550 | Q56: 45585 | R56: 45585 | S56: 45596 | T56: 45620 | U56: 45625 | V56: 45625 | W56: 45663 | X56: 45668 | Y56: 45668 | Z56: 35 | AA56: FALSE | AB56: 29 | AC56: 1562.85 | AD56: TRUE | AE56: FALSE | AF56: FALSE | AG56: FALSE
A57: 2 | B57: Juneau | C57: ECN0000306 | D57: 45546 | E57: A0A000012 | F57: low | G57: 23 | H57: regular | I57: high | J57: low | K57: regular | L57: 10000047 | M57: Tuberías DEF, S. de R.L. | N57: 19.85 | O57: 14 | P57: 45550 | Q57: 45585 | R57: 45585 | S57: 45596 | T57: 45620 | U57: 45625 | V57: 45625 | W57: 45663 | X57: 45668 | Y57: 45668 | Z57: 35 | AA57: FALSE | AB57: 29 | AC57: 456.55 | AD57: TRUE | AE57: FALSE | AF57: FALSE | AG57: FALSE
A58: 2 | B58: Juneau | C58: ECN0000306 | D58: 45546 | E58: A0D000003 | F58: medium | G58: 23 | H58: regular | I58: high | J58: low | K58: regular | L58: 10000047 | M58: Tuberías DEF, S. de R.L. | N58: 7.67 | O58: 14 | P58: 45550 | Q58: 45585 | R58: 45585 | S58: 45596 | T58: 45620 | U58: 45625 | V58: 45625 | W58: 45663 | X58: 45668 | Y58: 45668 | Z58: 35 | AA58: FALSE | AB58: 29 | AC58: 176.41 | AD58: TRUE | AE58: FALSE | AF58: FALSE | AG58: FALSE
A59: 2 | B59: Juneau | C59: ECN0000307 | D59: 45400 | E59: A0A000013 | F59: low | G59: 242 | H59: low | I59: low | J59: low | K59: high | L59: 10000082 | M59: Tuberías Súper, S.A.P.I. | N59: 21.5 | P59: 45406 | Q59: 45413 | R59: 45424 | S59: 45434 | T59: 45488 | U59: 45488 | V59: 45490 | W59: 45535 | X59: 45540 | Y59: 45540 | Z59: 7.2 | AA59: TRUE | AB59: 54 | AC59: 5203 | AD59: TRUE | AE59: FALSE | AF59: FALSE | AG59: TRUE
A60: 2 | B60: Juneau | C60: ECN0000307 | D60: 45400 | E60: A0C000001 | F60: low | G60: 242 | H60: low | I60: low | J60: low | K60: high | L60: 10000082 | M60: Tuberías Súper, S.A.P.I. | N60: 10.77 | P60: 45406 | Q60: 45413 | R60: 45424 | S60: 45434 | T60: 45488 | U60: 45488 | V60: 45490 | W60: 45535 | X60: 45540 | Y60: 45540 | Z60: 7.2 | AA60: TRUE | AB60: 54 | AC60: 2606.34 | AD60: TRUE | AE60: FALSE | AF60: FALSE | AG60: TRUE
A61: 2 | B61: Juneau | C61: ECN0000307 | D61: 45400 | E61: A0D000004 | F61: medium | G61: 242 | H61: low | I61: low | J61: low | K61: high | L61: 10000082 | M61: Tuberías Súper, S.A.P.I. | N61: 1.64 | P61: 45406 | Q61: 45413 | R61: 45424 | S61: 45434 | T61: 45488 | U61: 45488 | V61: 45490 | W61: 45535 | X61: 45540 | Y61: 45540 | Z61: 7.2 | AA61: TRUE | AB61: 54 | AC61: 396.88 | AD61: TRUE | AE61: FALSE | AF61: FALSE | AG61: TRUE
A62: 2 | B62: Juneau | C62: ECN0000307 | D62: 45400 | E62: A0E000004 | F62: high | G62: 242 | H62: low | I62: low | J62: low | K62: high | L62: 10000082 | M62: Tuberías Súper, S.A.P.I. | N62: 93.06 | P62: 45406 | Q62: 45413 | R62: 45424 | S62: 45434 | T62: 45488 | U62: 45488 | V62: 45490 | W62: 45535 | X62: 45540 | Y62: 45540 | Z62: 7.2 | AA62: TRUE | AB62: 54 | AC62: 22520.52 | AD62: TRUE | AE62: FALSE | AF62: FALSE | AG62: TRUE
A63: 2 | B63: Juneau | C63: ECN0000307 | D63: 45400 | E63: A0E000005 | F63: high | G63: 242 | H63: low | I63: low | J63: low | K63: high | L63: 10000082 | M63: Tuberías Súper, S.A.P.I. | N63: 92.91 | P63: 45406 | Q63: 45413 | R63: 45424 | S63: 45434 | T63: 45488 | U63: 45488 | V63: 45490 | W63: 45535 | X63: 45540 | Y63: 45540 | Z63: 7.2 | AA63: TRUE | AB63: 54 | AC63: 22484.22 | AD63: TRUE | AE63: FALSE | AF63: FALSE | AG63: TRUE
A64: 2 | B64: Juneau | C64: ECN0000307 | D64: 45400 | E64: A0G000335 | F64: high | G64: 242 | H64: low | I64: low | J64: low | K64: high | L64: 10000082 | M64: Tuberías Súper, S.A.P.I. | N64: 123.19 | P64: 45406 | Q64: 45413 | R64: 45424 | S64: 45434 | T64: 45488 | U64: 45488 | V64: 45490 | W64: 45535 | X64: 45540 | Y64: 45540 | Z64: 7.2 | AA64: TRUE | AB64: 54 | AC64: 29811.98 | AD64: TRUE | AE64: FALSE | AF64: FALSE | AG64: TRUE
A65: 2 | B65: Juneau | C65: ECN0000307 | D65: 45400 | E65: A0G000336 | F65: high | G65: 242 | H65: low | I65: low | J65: low | K65: high | L65: 10000082 | M65: Tuberías Súper, S.A.P.I. | N65: 101.35 | P65: 45406 | Q65: 45413 | R65: 45424 | S65: 45434 | T65: 45488 | U65: 45488 | V65: 45490 | W65: 45535 | X65: 45540 | Y65: 45540 | Z65: 7.2 | AA65: TRUE | AB65: 54 | AC65: 24526.7 | AD65: TRUE | AE65: FALSE | AF65: FALSE | AG65: TRUE
A66: 2 | B66: Juneau | C66: ECN0000308 | D66: 45422 | E66: A0A000014 | F66: low | G66: 156 | H66: high | I66: high | J66: low | K66: low | L66: 10000073 | M66: Tuberías GHI, S.A.S. | N66: 21.89 | O66: 28 | P66: 45422 | Q66: 45440 | R66: 45449 | S66: 45459 | T66: 45497 | U66: 45504 | V66: 45504 | W66: 45554 | X66: 45557 | Y66: 45561 | Z66: 18 | AA66: FALSE | AB66: 45 | AC66: 3414.84 | AD66: TRUE | AE66: FALSE | AF66: FALSE | AG66: TRUE
A67: 2 | B67: Juneau | C67: ECN0000308 | D67: 45422 | E67: A0A000015 | F67: medium | G67: 156 | H67: high | I67: high | J67: low | K67: low | L67: 10000073 | M67: Tuberías GHI, S.A.S. | N67: 3.89 | O67: 28 | P67: 45422 | Q67: 45440 | R67: 45449 | S67: 45459 | T67: 45497 | U67: 45504 | V67: 45504 | W67: 45554 | X67: 45557 | Y67: 45561 | Z67: 18 | AA67: FALSE | AB67: 45 | AC67: 606.84 | AD67: TRUE | AE67: FALSE | AF67: FALSE | AG67: TRUE
A68: 2 | B68: Juneau | C68: ECN0000308 | D68: 45422 | E68: A0C000002 | F68: low | G68: 156 | H68: high | I68: high | J68: low | K68: low | L68: 10000073 | M68: Tuberías GHI, S.A.S. | N68: 21.9 | O68: 28 | P68: 45422 | Q68: 45440 | R68: 45449 | S68: 45459 | T68: 45497 | U68: 45504 | V68: 45504 | W68: 45554 | X68: 45557 | Y68: 45561 | Z68: 18 | AA68: FALSE | AB68: 45 | AC68: 3416.4 | AD68: TRUE | AE68: FALSE | AF68: FALSE | AG68: TRUE
A69: 2 | B69: Juneau | C69: ECN0000308 | D69: 45422 | E69: A0C000003 | F69: low | G69: 156 | H69: high | I69: high | J69: low | K69: low | L69: 10000073 | M69: Tuberías GHI, S.A.S. | N69: 17.5 | O69: 28 | P69: 45422 | Q69: 45440 | R69: 45449 | S69: 45459 | T69: 45497 | U69: 45504 | V69: 45504 | W69: 45554 | X69: 45557 | Y69: 45561 | Z69: 18 | AA69: FALSE | AB69: 45 | AC69: 2730 | AD69: TRUE | AE69: FALSE | AF69: FALSE | AG69: TRUE
A70: 2 | B70: Juneau | C70: ECN0000308 | D70: 45422 | E70: A0G000337 | F70: high | G70: 156 | H70: high | I70: high | J70: low | K70: low | L70: 10000073 | M70: Tuberías GHI, S.A.S. | N70: 97.71 | O70: 28 | P70: 45422 | Q70: 45440 | R70: 45449 | S70: 45459 | T70: 45497 | U70: 45504 | V70: 45504 | W70: 45554 | X70: 45557 | Y70: 45561 | Z70: 18 | AA70: FALSE | AB70: 45 | AC70: 15242.76 | AD70: TRUE | AE70: FALSE | AF70: FALSE | AG70: TRUE
A71: 2 | B71: Juneau | C71: ECN0000309 | D71: 45386 | E71: A0A000016 | F71: low | G71: 554 | H71: regular | I71: low | J71: regular | K71: high | L71: 10000033 | M71: Tuberías ABC, S.A. de C.V. | N71: 5.39 | O71: 30 | P71: 45390 | Q71: 45397 | R71: 45400 | S71: 45411 | T71: 45438 | U71: 45436 | V71: 45436 | W71: 45436 | X71: 45443 | Y71: 45447 | Z71: 7.2 | AA71: TRUE | AB71: 25 | AC71: 2986.06 | AD71: TRUE | AE71: TRUE | AF71: TRUE | AG71: TRUE
A72: 2 | B72: Juneau | C72: ECN0000309 | D72: 45386 | E72: A0B000001 | F72: medium | G72: 554 | H72: regular | I72: low | J72: regular | K72: high | L72: 10000033 | M72: Tuberías ABC, S.A. de C.V. | N72: 76.74 | O72: 30 | P72: 45390 | Q72: 45397 | R72: 45400 | S72: 45411 | T72: 45438 | U72: 45436 | V72: 45436 | W72: 45436 | X72: 45443 | Y72: 45447 | Z72: 7.2 | AA72: TRUE | AB72: 25 | AC72: 42513.96 | AD72: TRUE | AE72: TRUE | AF72: TRUE | AG72: TRUE
A73: 2 | B73: Juneau | C73: ECN0000309 | D73: 45386 | E73: A0B000002 | F73: medium | G73: 554 | H73: regular | I73: low | J73: regular | K73: high | L73: 10000033 | M73: Tuberías ABC, S.A. de C.V. | N73: 43.84 | O73: 30 | P73: 45390 | Q73: 45397 | R73: 45400 | S73: 45411 | T73: 45438 | U73: 45436 | V73: 45436 | W73: 45436 | X73: 45443 | Y73: 45447 | Z73: 7.2 | AA73: TRUE | AB73: 25 | AC73: 24287.36 | AD73: TRUE | AE73: TRUE | AF73: TRUE | AG73: TRUE
A74: 2 | B74: Juneau | C74: ECN0000309 | D74: 45386 | E74: A0G000338 | F74: high | G74: 554 | H74: regular | I74: low | J74: regular | K74: high | L74: 10000033 | M74: Tuberías ABC, S.A. de C.V. | N74: 91.13 | O74: 30 | P74: 45390 | Q74: 45397 | R74: 45400 | S74: 45411 | T74: 45438 | U74: 45436 | V74: 45436 | W74: 45436 | X74: 45443 | Y74: 45447 | Z74: 7.2 | AA74: TRUE | AB74: 25 | AC74: 50486.02 | AD74: TRUE | AE74: TRUE | AF74: TRUE | AG74: TRUE
A75: 2 | B75: Juneau | C75: ECN0000310 | D75: 45525 | E75: A0A000017 | F75: low | G75: 23 | H75: high | I75: high | J75: low | K75: low | L75: 10000073 | M75: Tuberías GHI, S.A.S. | N75: 11.05 | O75: 28 | P75: 45525 | Q75: 45550 | R75: 45577 | S75: 45588 | T75: 45600 | U75: 45605 | V75: 45605 | W75: 45648 | X75: 45653 | Y75: 45656 | Z75: 25 | AA75: FALSE | AB75: 17 | AC75: 254.15 | AD75: TRUE | AE75: FALSE | AF75: FALSE | AG75: FALSE
A76: 2 | B76: Juneau | C76: ECN0000310 | D76: 45525 | E76: A0A000018 | F76: low | G76: 23 | H76: high | I76: high | J76: low | K76: low | L76: 10000073 | M76: Tuberías GHI, S.A.S. | N76: 9.86 | O76: 28 | P76: 45525 | Q76: 45550 | R76: 45577 | S76: 45588 | T76: 45600 | U76: 45605 | V76: 45605 | W76: 45648 | X76: 45653 | Y76: 45656 | Z76: 25 | AA76: FALSE | AB76: 17 | AC76: 226.78 | AD76: TRUE | AE76: FALSE | AF76: FALSE | AG76: FALSE
A77: 2 | B77: Juneau | C77: ECN0000310 | D77: 45525 | E77: A0D000005 | F77: medium | G77: 23 | H77: high | I77: high | J77: low | K77: low | L77: 10000073 | M77: Tuberías GHI, S.A.S. | N77: 15.14 | O77: 28 | P77: 45525 | Q77: 45550 | R77: 45577 | S77: 45588 | T77: 45600 | U77: 45605 | V77: 45605 | W77: 45648 | X77: 45653 | Y77: 45656 | Z77: 25 | AA77: FALSE | AB77: 17 | AC77: 348.22 | AD77: TRUE | AE77: FALSE | AF77: FALSE | AG77: FALSE
... A79: 3 | B79: Juneau | C79: ECN0000301 | D79: 45483 | E79: A0D000001 | F79: medium | G79: 224 | H79: high | I79: high | J79: low | K79: low | L79: 10000073 | M79: Tuberías GHI, S.A.S. | N79: 1.64 | O79: 28 | P79: 45483 | Q79: 45536 | R79: 45551 | S79: 45555 | T79: 45602 | U79: 45607 | V79: 45607 | W79: 45652 | X79: 45661 | Y79: 45664 | Z79: 53 | AA79: FALSE | AB79: 52 | AC79: 367.36 | AD79: TRUE | AE79: FALSE | AF79: FALSE | AG79: FALSE
A80: 3 | B80: Juneau | C80: ECN0000302 | D80: 45490 | E80: A0A000002 | F80: medium | G80: 23 | H80: low | I80: low | J80: low | K80: high | L80: 10000082 | M80: Tuberías Súper, S.A.P.I. | N80: 53.02 | P80: 45497 | Q80: 45504 | R80: 45520 | S80: 45527 | T80: 45545 | U80: 45544 | V80: 45544 | W80: 45544 | X80: 45544 | Y80: 45551 | Z80: 7.2 | AA80: TRUE | AB80: 17 | AC80: 1219.46 | AD80: TRUE | AE80: FALSE | AF80: FALSE | AG80: TRUE
A81: 3 | B81: Juneau | C81: ECN0000302 | D81: 45490 | E81: A0A000003 | F81: low | G81: 23 | H81: low | I81: low | J81: low | K81: high | L81: 10000082 | M81: Tuberías Súper, S.A.P.I. | N81: 15.68 | P81: 45497 | Q81: 45504 | R81: 45520 | S81: 45527 | T81: 45545 | U81: 45544 | V81: 45544 | W81: 45544 | X81: 45544 | Y81: 45551 | Z81: 7.2 | AA81: TRUE | AB81: 17 | AC81: 360.64 | AD81: TRUE | AE81: FALSE | AF81: FALSE | AG81: TRUE
A82: 3 | B82: Juneau | C82: ECN0000302 | D82: 45490 | E82: A0A000004 | F82: low | G82: 23 | H82: low | I82: low | J82: low | K82: high | L82: 10000082 | M82: Tuberías Súper, S.A.P.I. | N82: 14.12 | P82: 45497 | Q82: 45504 | R82: 45520 | S82: 45527 | T82: 45545 | U82: 45544 | V82: 45544 | W82: 45544 | X82: 45544 | Y82: 45551 | Z82: 7.2 | AA82: TRUE | AB82: 17 | AC82: 324.76 | AD82: TRUE | AE82: FALSE | AF82: FALSE | AG82: TRUE
A83: 3 | B83: Juneau | C83: ECN0000302 | D83: 45490 | E83: A0A000005 | F83: low | G83: 23 | H83: low | I83: low | J83: low | K83: high | L83: 10000082 | M83: Tuberías Súper, S.A.P.I. | N83: 7.9 | P83: 45497 | Q83: 45504 | R83: 45520 | S83: 45527 | T83: 45545 | U83: 45544 | V83: 45544 | W83: 45544 | X83: 45544 | Y83: 45551 | Z83: 7.2 | AA83: TRUE | AB83: 17 | AC83: 181.7 | AD83: TRUE | AE83: FALSE | AF83: FALSE | AG83: TRUE
A84: 3 | B84: Juneau | C84: ECN0000303 | D84: 45493 | E84: A0A000006 | F84: medium | G84: 295 | H84: low | I84: low | J84: low | K84: high | L84: 10000082 | M84: Tuberías Súper, S.A.P.I. | N84: 15.06 | P84: 45493 | Q84: 45517 | R84: 45521 | S84: 45526 | T84: 45570 | U84: 45569 | V84: 45569 | W84: 45589 | X84: 45595 | Y84: 45595 | Z84: 24 | AA84: TRUE | AB84: 43 | AC84: 4442.7 | AD84: TRUE | AE84: FALSE | AF84: FALSE | AG84: FALSE
A85: 3 | B85: Juneau | C85: ECN0000303 | D85: 45493 | E85: A0A000007 | F85: low | G85: 295 | H85: low | I85: low | J85: low | K85: high | L85: 10000082 | M85: Tuberías Súper, S.A.P.I. | N85: 27.8 | P85: 45493 | Q85: 45517 | R85: 45521 | S85: 45526 | T85: 45570 | U85: 45569 | V85: 45569 | W85: 45589 | X85: 45595 | Y85: 45595 | Z85: 24 | AA85: TRUE | AB85: 43 | AC85: 8201 | AD85: TRUE | AE85: FALSE | AF85: FALSE | AG85: FALSE
A86: 3 | B86: Juneau | C86: ECN0000303 | D86: 45493 | E86: A0G000334 | F86: high | G86: 295 | H86: low | I86: low | J86: low | K86: high | L86: 10000082 | M86: Tuberías Súper, S.A.P.I. | N86: 112.4 | P86: 45493 | Q86: 45517 | R86: 45521 | S86: 45526 | T86: 45570 | U86: 45569 | V86: 45569 | W86: 45589 | X86: 45595 | Y86: 45595 | Z86: 24 | AA86: TRUE | AB86: 43 | AC86: 33158 | AD86: TRUE | AE86: FALSE | AF86: FALSE | AG86: FALSE
A87: 3 | B87: Juneau | C87: ECN0000304 | D87: 45329 | E87: A0E000001 | F87: high | G87: 256 | H87: regular | I87: high | J87: low | K87: regular | L87: 10000047 | M87: Tuberías DEF, S. de R.L. | N87: 96.83 | O87: 14 | P87: 45334 | Q87: 45385 | R87: 45395 | S87: 45402 | T87: 45451 | U87: 45451 | V87: 45451 | W87: 45481 | X87: 45481 | Y87: 45481 | Z87: 51 | AA87: TRUE | AB87: 49 | AC87: 24788.48 | AD87: TRUE | AE87: TRUE | AF87: TRUE | AG87: TRUE
A88: 3 | B88: Juneau | C88: ECN0000304 | D88: 45329 | E88: A0E000002 | F88: high | G88: 256 | H88: regular | I88: high | J88: low | K88: regular | L88: 10000047 | M88: Tuberías DEF, S. de R.L. | N88: 68.65 | O88: 14 | P88: 45334 | Q88: 45385 | R88: 45395 | S88: 45402 | T88: 45451 | U88: 45451 | V88: 45451 | W88: 45481 | X88: 45481 | Y88: 45481 | Z88: 51 | AA88: TRUE | AB88: 49 | AC88: 17574.4 | AD88: TRUE | AE88: TRUE | AF88: TRUE | AG88: TRUE
A89: 3 | B89: Juneau | C89: ECN0000304 | D89: 45329 | E89: A0E000003 | F89: high | G89: 256 | H89: regular | I89: high | J89: low | K89: regular | L89: 10000047 | M89: Tuberías DEF, S. de R.L. | N89: 97.21 | O89: 14 | P89: 45334 | Q89: 45385 | R89: 45395 | S89: 45402 | T89: 45451 | U89: 45451 | V89: 45451 | W89: 45481 | X89: 45481 | Y89: 45481 | Z89: 51 | AA89: TRUE | AB89: 49 | AC89: 24885.76 | AD89: TRUE | AE89: TRUE | AF89: TRUE | AG89: TRUE
A90: 3 | B90: Juneau | C90: ECN0000305 | D90: 45356 | E90: A0A000008 | F90: low | G90: 23 | H90: low | I90: low | J90: low | K90: high | L90: 10000082 | M90: Tuberías Súper, S.A.P.I. | N90: 22.71 | P90: 45359 | Q90: 45370 | R90: 45372 | S90: 45380 | T90: 45407 | U90: 45407 | V90: 45408 | W90: 45439 | X90: 45439 | Y90: 45439 | Z90: 11 | AA90: TRUE | AB90: 27 | AC90: 522.33 | AD90: TRUE | AE90: TRUE | AF90: TRUE | AG90: TRUE
A91: 3 | B91: Juneau | C91: ECN0000305 | D91: 45356 | E91: A0A000009 | F91: low | G91: 23 | H91: low | I91: low | J91: low | K91: high | L91: 10000082 | M91: Tuberías Súper, S.A.P.I. | N91: 23.34 | P91: 45359 | Q91: 45370 | R91: 45372 | S91: 45380 | T91: 45407 | U91: 45407 | V91: 45408 | W91: 45439 | X91: 45439 | Y91: 45439 | Z91: 11 | AA91: TRUE | AB91: 27 | AC91: 536.82 | AD91: TRUE | AE91: TRUE | AF91: TRUE | AG91: TRUE
A92: 3 | B92: Juneau | C92: ECN0000305 | D92: 45356 | E92: A0A000010 | F92: medium | G92: 23 | H92: low | I92: low | J92: low | K92: high | L92: 10000082 | M92: Tuberías Súper, S.A.P.I. | N92: 22.79 | P92: 45359 | Q92: 45370 | R92: 45372 | S92: 45380 | T92: 45407 | U92: 45407 | V92: 45408 | W92: 45439 | X92: 45439 | Y92: 45439 | Z92: 11 | AA92: TRUE | AB92: 27 | AC92: 524.17 | AD92: TRUE | AE92: TRUE | AF92: TRUE | AG92: TRUE
A93: 3 | B93: Juneau | C93: ECN0000305 | D93: 45356 | E93: A0D000002 | F93: medium | G93: 23 | H93: low | I93: low | J93: low | K93: high | L93: 10000082 | M93: Tuberías Súper, S.A.P.I. | N93: 1.64 | P93: 45359 | Q93: 45370 | R93: 45372 | S93: 45380 | T93: 45407 | U93: 45407 | V93: 45408 | W93: 45439 | X93: 45439 | Y93: 45439 | Z93: 11 | AA93: TRUE | AB93: 27 | AC93: 37.72 | AD93: TRUE | AE93: TRUE | AF93: TRUE | AG93: TRUE
A94: 3 | B94: Juneau | C94: ECN0000306 | D94: 45546 | E94: A0A000011 | F94: medium | G94: 23 | H94: low | I94: low | J94: low | K94: high | L94: 10000082 | M94: Tuberías Súper, S.A.P.I. | N94: 37.88 | P94: 45546 | Q94: 45559 | R94: 45567 | S94: 45572 | T94: 45597 | U94: 45597 | V94: 45598 | W94: 45613 | X94: 45614 | Y94: 45620 | Z94: 13 | AA94: TRUE | AB94: 25 | AC94: 871.24 | AD94: TRUE | AE94: FALSE | AF94: FALSE | AG94: FALSE
A95: 3 | B95: Juneau | C95: ECN0000306 | D95: 45546 | E95: A0A000012 | F95: low | G95: 23 | H95: low | I95: low | J95: low | K95: high | L95: 10000082 | M95: Tuberías Súper, S.A.P.I. | N95: 10.41 | P95: 45546 | Q95: 45559 | R95: 45567 | S95: 45572 | T95: 45597 | U95: 45597 | V95: 45598 | W95: 45613 | X95: 45614 | Y95: 45620 | Z95: 13 | AA95: TRUE | AB95: 25 | AC95: 239.43 | AD95: TRUE | AE95: FALSE | AF95: FALSE | AG95: FALSE
A96: 3 | B96: Juneau | C96: ECN0000306 | D96: 45546 | E96: A0D000003 | F96: medium | G96: 23 | H96: low | I96: low | J96: low | K96: high | L96: 10000082 | M96: Tuberías Súper, S.A.P.I. | N96: 82.52 | P96: 45546 | Q96: 45559 | R96: 45567 | S96: 45572 | T96: 45597 | U96: 45597 | V96: 45598 | W96: 45613 | X96: 45614 | Y96: 45620 | Z96: 13 | AA96: TRUE | AB96: 25 | AC96: 1897.96 | AD96: TRUE | AE96: FALSE | AF96: FALSE | AG96: FALSE
A97: 3 | B97: Juneau | C97: ECN0000307 | D97: 45400 | E97: A0A000013 | F97: low | G97: 242 | H97: high | I97: high | J97: low | K97: low | L97: 10000073 | M97: Tuberías GHI, S.A.S. | N97: 30.05 | O97: 28 | P97: 45410 | Q97: 45427 | R97: 45452 | S97: 45462 | T97: 45516 | U97: 45522 | V97: 45522 | W97: 45558 | X97: 45558 | Y97: 45559 | Z97: 17 | AA97: FALSE | AB97: 60 | AC97: 7272.1 | AD97: TRUE | AE97: FALSE | AF97: FALSE | AG97: TRUE
A98: 3 | B98: Juneau | C98: ECN0000307 | D98: 45400 | E98: A0C000001 | F98: low | G98: 242 | H98: high | I98: high | J98: low | K98: low | L98: 10000073 | M98: Tuberías GHI, S.A.S. | N98: 10.18 | O98: 28 | P98: 45410 | Q98: 45427 | R98: 45452 | S98: 45462 | T98: 45516 | U98: 45522 | V98: 45522 | W98: 45558 | X98: 45558 | Y98: 45559 | Z98: 17 | AA98: FALSE | AB98: 60 | AC98: 2463.56 | AD98: TRUE | AE98: FALSE | AF98: FALSE | AG98: TRUE
A99: 3 | B99: Juneau | C99: ECN0000307 | D99: 45400 | E99: A0D000004 | F99: medium | G99: 242 | H99: high | I99: high | J99: low | K99: low | L99: 10000073 | M99: Tuberías GHI, S.A.S. | N99: 15.36 | O99: 28 | P99: 45410 | Q99: 45427 | R99: 45452 | S99: 45462 | T99: 45516 | U99: 45522 | V99: 45522 | W99: 45558 | X99: 45558 | Y99: 45559 | Z99: 17 | AA99: FALSE | AB99: 60 | AC99: 3717.12 | AD99: TRUE | AE99: FALSE | AF99: FALSE | AG99: TRUE
A100: 3 | B100: Juneau | C100: ECN0000307 | D100: 45400 | E100: A0E000004 | F100: high | G100: 242 | H100: high | I100: high | J100: low | K100: low | L100: 10000073 | M100: Tuberías GHI, S.A.S. | N100: 118.82 | O100: 28 | P100: 45410 | Q100: 45427 | R100: 45452 | S100: 45462 | T100: 45516 | U100: 45522 | V100: 45522 | W100: 45558 | X100: 45558 | Y100: 45559 | Z100: 17 | AA100: FALSE | AB100: 60 | AC100: 28754.44 | AD100: TRUE | AE100: FALSE | AF100: FALSE | AG100: TRUE
A101: 3 | B101: Juneau | C101: ECN0000307 | D101: 45400 | E101: A0E000005 | F101: high | G101: 242 | H101: high | I101: high | J101: low | K101: low | L101: 10000073 | M101: Tuberías GHI, S.A.S. | N101: 97.34 | O101: 28 | P101: 45410 | Q101: 45427 | R101: 45452 | S101: 45462 | T101: 45516 | U101: 45522 | V101: 45522 | W101: 45558 | X101: 45558 | Y101: 45559 | Z101: 17 | AA101: FALSE | AB101: 60 | AC101: 23556.28 | AD101: TRUE | AE101: FALSE | AF101: FALSE | AG101: TRUE
A102: 3 | B102: Juneau | C102: ECN0000307 | D102: 45400 | E102: A0G000335 | F102: high | G102: 242 | H102: high | I102: high | J102: low | K102: low | L102: 10000073 | M102: Tuberías GHI, S.A.S. | N102: 79.81 | O102: 28 | P102: 45410 | Q102: 45427 | R102: 45452 | S102: 45462 | T102: 45516 | U102: 45522 | V102: 45522 | W102: 45558 | X102: 45558 | Y102: 45559 | Z102: 17 | AA102: FALSE | AB102: 60 | AC102: 19314.02 | AD102: TRUE | AE102: FALSE | AF102: FALSE | AG102: TRUE
...

Sheet PN
A1: Iteration | B1: Tuberías ABC, S.A. de C.V. | C1: Tuberías DEF, S. de R.L. | D1: Tuberías GHI, S.A.S. | E1: Tuberías Súper, S.A.P.I. | F1: Total
A2: 1 | B2: =COUNTIFS('Raw data'!$A:$A,PN!$A2,'Raw data'!$M:$M,PN!B$1,'Raw data'!$AD:$AD,TRUE) -> 8 | C2: =COUNTIFS('Raw data'!$A:$A,PN!$A2,'Raw data'!$M:$M,PN!C$1,'Raw data'!$AD:$AD,TRUE) -> 8 | D2: =COUNTIFS('Raw data'!$A:$A,PN!$A2,'Raw data'!$M:$M,PN!D$1,'Raw data'!$AD:$AD,TRUE) -> 11 | E2: =COUNTIFS('Raw data'!$A:$A,PN!$A2,'Raw data'!$M:$M,PN!E$1,'Raw data'!$AD:$AD,TRUE) -> 11 | F2: =SUM(B2:E2) -> 38
A3: =A2+1 -> 2 | B3: =COUNTIFS('Raw data'!$A:$A,PN!$A3,'Raw data'!$M:$M,PN!B$1,'Raw data'!$AD:$AD,TRUE) -> 7 | C3: =COUNTIFS('Raw data'!$A:$A,PN!$A3,'Raw data'!$M:$M,PN!C$1,'Raw data'!$AD:$AD,TRUE) -> 9 | D3: =COUNTIFS('Raw data'!$A:$A,PN!$A3,'Raw data'!$M:$M,PN!D$1,'Raw data'!$AD:$AD,TRUE) -> 8 | E3: =COUNTIFS('Raw data'!$A:$A,PN!$A3,'Raw data'!$M:$M,PN!E$1,'Raw data'!$AD:$AD,TRUE) -> 14 | F3: =SUM(B3:E3) -> 38
A4: =A3+1 -> 3 | B4: =COUNTIFS('Raw data'!$A:$A,PN!$A4,'Raw data'!$M:$M,PN!B$1,'Raw data'!$AD:$AD,TRUE) -> 9 | C4: =COUNTIFS('Raw data'!$A:$A,PN!$A4,'Raw data'!$M:$M,PN!C$1,'Raw data'!$AD:$AD,TRUE) -> 3 | D4: =COUNTIFS('Raw data'!$A:$A,PN!$A4,'Raw data'!$M:$M,PN!D$1,'Raw data'!$AD:$AD,TRUE) -> 9 | E4: =COUNTIFS('Raw data'!$A:$A,PN!$A4,'Raw data'!$M:$M,PN!E$1,'Raw data'!$AD:$AD,TRUE) -> 17 | F4: =SUM(B4:E4) -> 38
A5: =A4+1 -> 4 | B5: =COUNTIFS('Raw data'!$A:$A,PN!$A5,'Raw data'!$M:$M,PN!B$1,'Raw data'!$AD:$AD,TRUE) -> 9 | C5: =COUNTIFS('Raw data'!$A:$A,PN!$A5,'Raw data'!$M:$M,PN!C$1,'Raw data'!$AD:$AD,TRUE) -> 4 | D5: =COUNTIFS('Raw data'!$A:$A,PN!$A5,'Raw data'!$M:$M,PN!D$1,'Raw data'!$AD:$AD,TRUE) -> 10 | E5: =COUNTIFS('Raw data'!$A:$A,PN!$A5,'Raw data'!$M:$M,PN!E$1,'Raw data'!$AD:$AD,TRUE) -> 15 | F5: =SUM(B5:E5) -> 38
A6: =A5+1 -> 5 | B6: =COUNTIFS('Raw data'!$A:$A,PN!$A6,'Raw data'!$M:$M,PN!B$1,'Raw data'!$AD:$AD,TRUE) -> 6 | C6: =COUNTIFS('Raw data'!$A:$A,PN!$A6,'Raw data'!$M:$M,PN!C$1,'Raw data'!$AD:$AD,TRUE) -> 20 | D6: =COUNTIFS('Raw data'!$A:$A,PN!$A6,'Raw data'!$M:$M,PN!D$1,'Raw data'!$AD:$AD,TRUE) -> 7 | E6: =COUNTIFS('Raw data'!$A:$A,PN!$A6,'Raw data'!$M:$M,PN!E$1,'Raw data'!$AD:$AD,TRUE) -> 5 | F6: =SUM(B6:E6) -> 38
A7: =A6+1 -> 6 | B7: =COUNTIFS('Raw data'!$A:$A,PN!$A7,'Raw data'!$M:$M,PN!B$1,'Raw data'!$AD:$AD,TRUE) -> 7 | C7: =COUNTIFS('Raw data'!$A:$A,PN!$A7,'Raw data'!$M:$M,PN!C$1,'Raw data'!$AD:$AD,TRUE) -> 18 | D7: =COUNTIFS('Raw data'!$A:$A,PN!$A7,'Raw data'!$M:$M,PN!D$1,'Raw data'!$AD:$AD,TRUE) -> 0 | E7: =COUNTIFS('Raw data'!$A:$A,PN!$A7,'Raw data'!$M:$M,PN!E$1,'Raw data'!$AD:$AD,TRUE) -> 13 | F7: =SUM(B7:E7) -> 38
A8: =A7+1 -> 7 | B8: =COUNTIFS('Raw data'!$A:$A,PN!$A8,'Raw data'!$M:$M,PN!B$1,'Raw data'!$AD:$AD,TRUE) -> 3 | C8: =COUNTIFS('Raw data'!$A:$A,PN!$A8,'Raw data'!$M:$M,PN!C$1,'Raw data'!$AD:$AD,TRUE) -> 12 | D8: =COUNTIFS('Raw data'!$A:$A,PN!$A8,'Raw data'!$M:$M,PN!D$1,'Raw data'!$AD:$AD,TRUE) -> 10 | E8: =COUNTIFS('Raw data'!$A:$A,PN!$A8,'Raw data'!$M:$M,PN!E$1,'Raw data'!$AD:$AD,TRUE) -> 13 | F8: =SUM(B8:E8) -> 38
A9: =A8+1 -> 8 | B9: =COUNTIFS('Raw data'!$A:$A,PN!$A9,'Raw data'!$M:$M,PN!B$1,'Raw data'!$AD:$AD,TRUE) -> 4 | C9: =COUNTIFS('Raw data'!$A:$A,PN!$A9,'Raw data'!$M:$M,PN!C$1,'Raw data'!$AD:$AD,TRUE) -> 17 | D9: =COUNTIFS('Raw data'!$A:$A,PN!$A9,'Raw data'!$M:$M,PN!D$1,'Raw data'!$AD:$AD,TRUE) -> 3 | E9: =COUNTIFS('Raw data'!$A:$A,PN!$A9,'Raw data'!$M:$M,PN!E$1,'Raw data'!$AD:$AD,TRUE) -> 14 | F9: =SUM(B9:E9) -> 38
A10: =A9+1 -> 9 | B10: =COUNTIFS('Raw data'!$A:$A,PN!$A10,'Raw data'!$M:$M,PN!B$1,'Raw data'!$AD:$AD,TRUE) -> 3 | C10: =COUNTIFS('Raw data'!$A:$A,PN!$A10,'Raw data'!$M:$M,PN!C$1,'Raw data'!$AD:$AD,TRUE) -> 23 | D10: =COUNTIFS('Raw data'!$A:$A,PN!$A10,'Raw data'!$M:$M,PN!D$1,'Raw data'!$AD:$AD,TRUE) -> 8 | E10: =COUNTIFS('Raw data'!$A:$A,PN!$A10,'Raw data'!$M:$M,PN!E$1,'Raw data'!$AD:$AD,TRUE) -> 4 | F10: =SUM(B10:E10) -> 38
A11: =A10+1 -> 10 | B11: =COUNTIFS('Raw data'!$A:$A,PN!$A11,'Raw data'!$M:$M,PN!B$1,'Raw data'!$AD:$AD,TRUE) -> 8 | C11: =COUNTIFS('Raw data'!$A:$A,PN!$A11,'Raw data'!$M:$M,PN!C$1,'Raw data'!$AD:$AD,TRUE) -> 11 | D11: =COUNTIFS('Raw data'!$A:$A,PN!$A11,'Raw data'!$M:$M,PN!D$1,'Raw data'!$AD:$AD,TRUE) -> 13 | E11: =COUNTIFS('Raw data'!$A:$A,PN!$A11,'Raw data'!$M:$M,PN!E$1,'Raw data'!$AD:$AD,TRUE) -> 6 | F11: =SUM(B11:E11) -> 38
A12: =A11+1 -> 11 | B12: =COUNTIFS('Raw data'!$A:$A,PN!$A12,'Raw data'!$M:$M,PN!B$1,'Raw data'!$AD:$AD,TRUE) -> 18 | C12: =COUNTIFS('Raw data'!$A:$A,PN!$A12,'Raw data'!$M:$M,PN!C$1,'Raw data'!$AD:$AD,TRUE) -> 3 | D12: =COUNTIFS('Raw data'!$A:$A,PN!$A12,'Raw data'!$M:$M,PN!D$1,'Raw data'!$AD:$AD,TRUE) -> 13 | E12: =COUNTIFS('Raw data'!$A:$A,PN!$A12,'Raw data'!$M:$M,PN!E$1,'Raw data'!$AD:$AD,TRUE) -> 4 | F12: =SUM(B12:E12) -> 38
A13: =A12+1 -> 12 | B13: =COUNTIFS('Raw data'!$A:$A,PN!$A13,'Raw data'!$M:$M,PN!B$1,'Raw data'!$AD:$AD,TRUE) -> 6 | C13: =COUNTIFS('Raw data'!$A:$A,PN!$A13,'Raw data'!$M:$M,PN!C$1,'Raw data'!$AD:$AD,TRUE) -> 18 | D13: =COUNTIFS('Raw data'!$A:$A,PN!$A13,'Raw data'!$M:$M,PN!D$1,'Raw data'!$AD:$AD,TRUE) -> 4 | E13: =COUNTIFS('Raw data'!$A:$A,PN!$A13,'Raw data'!$M:$M,PN!E$1,'Raw data'!$AD:$AD,TRUE) -> 10 | F13: =SUM(B13:E13) -> 38
A14: =A13+1 -> 13 | B14: =COUNTIFS('Raw data'!$A:$A,PN!$A14,'Raw data'!$M:$M,PN!B$1,'Raw data'!$AD:$AD,TRUE) -> 13 | C14: =COUNTIFS('Raw data'!$A:$A,PN!$A14,'Raw data'!$M:$M,PN!C$1,'Raw data'!$AD:$AD,TRUE) -> 18 | D14: =COUNTIFS('Raw data'!$A:$A,PN!$A14,'Raw data'!$M:$M,PN!D$1,'Raw data'!$AD:$AD,TRUE) -> 7 | E14: =COUNTIFS('Raw data'!$A:$A,PN!$A14,'Raw data'!$M:$M,PN!E$1,'Raw data'!$AD:$AD,TRUE) -> 0 | F14: =SUM(B14:E14) -> 38
... A101: =A100+1 -> 100 | B101: =COUNTIFS('Raw data'!$A:$A,PN!$A101,'Raw data'!$M:$M,PN!B$1,'Raw data'!$AD:$AD,TRUE) -> 9 | C101: =COUNTIFS('Raw data'!$A:$A,PN!$A101,'Raw data'!$M:$M,PN!C$1,'Raw data'!$AD:$AD,TRUE) -> 4 | D101: =COUNTIFS('Raw data'!$A:$A,PN!$A101,'Raw data'!$M:$M,PN!D$1,'Raw data'!$AD:$AD,TRUE) -> 15 | E101: =COUNTIFS('Raw data'!$A:$A,PN!$A101,'Raw data'!$M:$M,PN!E$1,'Raw data'!$AD:$AD,TRUE) -> 10 | F101: =SUM(B101:E101) -> 38
A102: AVG | B102: =AVERAGE(B2:B101) -> 8.61 | C102: =AVERAGE(C2:C101) -> 10.64 | D102: =AVERAGE(D2:D101) -> 8.03 | E102: =AVERAGE(E2:E101) -> 10.72 | F102: =AVERAGE(F2:F101) -> 38
A103: STDEV | B103: =STDEV(B2:B101) -> 4.7287964 | C103: =STDEV(C2:C101) -> 6.3285788 | D103: =STDEV(D2:D101) -> 4.8167532 | E103: =STDEV(E2:E101) -> 5.1797586 | F103: =STDEV(F2:F101) -> 0

Sheet Quoted Spend
A1: Iteration | B1: Tuberías ABC, S.A. de C.V. | C1: Tuberías DEF, S. de R.L. | D1: Tuberías GHI, S.A.S. | E1: Tuberías Súper, S.A.P.I. | F1: Total
A2: 1 | B2: =SUMIFS('Raw data'!$AC$2:$AC$3801,'Raw data'!$A$2:$A$3801,'Quoted Spend'!$A2,'Raw data'!$M$2:$M$3801,'Quoted Spend'!B$1) -> 64900.43 | C2: =SUMIFS('Raw data'!$AC$2:$AC$3801,'Raw data'!$A$2:$A$3801,'Quoted Spend'!$A2,'Raw data'!$M$2:$M$3801,'Quoted Spend'!C$1) -> 101125.84 | D2: =SUMIFS('Raw data'!$AC$2:$AC$3801,'Raw data'!$A$2:$A$3801,'Quoted Spend'!$A2,'Raw data'!$M$2:$M$3801,'Quoted Spend'!D$1) -> 75086.54 | E2: =SUMIFS('Raw data'!$AC$2:$AC$3801,'Raw data'!$A$2:$A$3801,'Quoted Spend'!$A2,'Raw data'!$M$2:$M$3801,'Quoted Spend'!E$1) -> 113564.31 | F2: =AVERAGE(B2:E2) -> 88669.28
A3: =A2+1 -> 2 | B3: =SUMIFS('Raw data'!$AC$2:$AC$3801,'Raw data'!$A$2:$A$3801,'Quoted Spend'!$A3,'Raw data'!$M$2:$M$3801,'Quoted Spend'!B$1) -> 182264.7 | C3: =SUMIFS('Raw data'!$AC$2:$AC$3801,'Raw data'!$A$2:$A$3801,'Quoted Spend'!$A3,'Raw data'!$M$2:$M$3801,'Quoted Spend'!C$1) -> 24060.86 | D3: =SUMIFS('Raw data'!$AC$2:$AC$3801,'Raw data'!$A$2:$A$3801,'Quoted Spend'!$A3,'Raw data'!$M$2:$M$3801,'Quoted Spend'!D$1) -> 26239.99 | E3: =SUMIFS('Raw data'!$AC$2:$AC$3801,'Raw data'!$A$2:$A$3801,'Quoted Spend'!$A3,'Raw data'!$M$2:$M$3801,'Quoted Spend'!E$1) -> 180249.06 | F3: =AVERAGE(B3:E3) -> 103203.65
A4: =A3+1 -> 3 | B4: =SUMIFS('Raw data'!$AC$2:$AC$3801,'Raw data'!$A$2:$A$3801,'Quoted Spend'!$A4,'Raw data'!$M$2:$M$3801,'Quoted Spend'!B$1) -> 98255.86 | C4: =SUMIFS('Raw data'!$AC$2:$AC$3801,'Raw data'!$A$2:$A$3801,'Quoted Spend'!$A4,'Raw data'!$M$2:$M$3801,'Quoted Spend'!C$1) -> 67248.64 | D4: =SUMIFS('Raw data'!$AC$2:$AC$3801,'Raw data'!$A$2:$A$3801,'Quoted Spend'!$A4,'Raw data'!$M$2:$M$3801,'Quoted Spend'!D$1) -> 116864.22 | E4: =SUMIFS('Raw data'!$AC$2:$AC$3801,'Raw data'!$A$2:$A$3801,'Quoted Spend'!$A4,'Raw data'!$M$2:$M$3801,'Quoted Spend'!E$1) -> 54342.98 | F4: =AVERAGE(B4:E4) -> 84177.925
A5: =A4+1 -> 4 | B5: =SUMIFS('Raw data'!$AC$2:$AC$3801,'Raw data'!$A$2:$A$3801,'Quoted Spend'!$A5,'Raw data'!$M$2:$M$3801,'Quoted Spend'!B$1) -> 27097.66 | C5: =SUMIFS('Raw data'!$AC$2:$AC$3801,'Raw data'!$A$2:$A$3801,'Quoted Spend'!$A5,'Raw data'!$M$2:$M$3801,'Quoted Spend'!C$1) -> 121985.26 | D5: =SUMIFS('Raw data'!$AC$2:$AC$3801,'Raw data'!$A$2:$A$3801,'Quoted Spend'!$A5,'Raw data'!$M$2:$M$3801,'Quoted Spend'!D$1) -> 41096.84 | E5: =SUMIFS('Raw data'!$AC$2:$AC$3801,'Raw data'!$A$2:$A$3801,'Quoted Spend'!$A5,'Raw data'!$M$2:$M$3801,'Quoted Spend'!E$1) -> 161223.3 | F5: =AVERAGE(B5:E5) -> 87850.765
A6: =A5+1 -> 5 | B6: =SUMIFS('Raw data'!$AC$2:$AC$3801,'Raw data'!$A$2:$A$3801,'Quoted Spend'!$A6,'Raw data'!$M$2:$M$3801,'Quoted Spend'!B$1) -> 124941.26 | C6: =SUMIFS('Raw data'!$AC$2:$AC$3801,'Raw data'!$A$2:$A$3801,'Quoted Spend'!$A6,'Raw data'!$M$2:$M$3801,'Quoted Spend'!C$1) -> 148811.66 | D6: =SUMIFS('Raw data'!$AC$2:$AC$3801,'Raw data'!$A$2:$A$3801,'Quoted Spend'!$A6,'Raw data'!$M$2:$M$3801,'Quoted Spend'!D$1) -> 57903.28 | E6: =SUMIFS('Raw data'!$AC$2:$AC$3801,'Raw data'!$A$2:$A$3801,'Quoted Spend'!$A6,'Raw data'!$M$2:$M$3801,'Quoted Spend'!E$1) -> 21830.86 | F6: =AVERAGE(B6:E6) -> 88371.765
A7: =A6+1 -> 6 | B7: =SUMIFS('Raw data'!$AC$2:$AC$3801,'Raw data'!$A$2:$A$3801,'Quoted Spend'!$A7,'Raw data'!$M$2:$M$3801,'Quoted Spend'!B$1) -> 45866.84 | C7: =SUMIFS('Raw data'!$AC$2:$AC$3801,'Raw data'!$A$2:$A$3801,'Quoted Spend'!$A7,'Raw data'!$M$2:$M$3801,'Quoted Spend'!C$1) -> 242783.75 | D7: =SUMIFS('Raw data'!$AC$2:$AC$3801,'Raw data'!$A$2:$A$3801,'Quoted Spend'!$A7,'Raw data'!$M$2:$M$3801,'Quoted Spend'!D$1) -> 0 | E7: =SUMIFS('Raw data'!$AC$2:$AC$3801,'Raw data'!$A$2:$A$3801,'Quoted Spend'!$A7,'Raw data'!$M$2:$M$3801,'Quoted Spend'!E$1) -> 111643.94 | F7: =AVERAGE(B7:E7) -> 100073.63
A8: =A7+1 -> 7 | B8: =SUMIFS('Raw data'!$AC$2:$AC$3801,'Raw data'!$A$2:$A$3801,'Quoted Spend'!$A8,'Raw data'!$M$2:$M$3801,'Quoted Spend'!B$1) -> 3871.36 | C8: =SUMIFS('Raw data'!$AC$2:$AC$3801,'Raw data'!$A$2:$A$3801,'Quoted Spend'!$A8,'Raw data'!$M$2:$M$3801,'Quoted Spend'!C$1) -> 61932.78 | D8: =SUMIFS('Raw data'!$AC$2:$AC$3801,'Raw data'!$A$2:$A$3801,'Quoted Spend'!$A8,'Raw data'!$M$2:$M$3801,'Quoted Spend'!D$1) -> 156461.96 | E8: =SUMIFS('Raw data'!$AC$2:$AC$3801,'Raw data'!$A$2:$A$3801,'Quoted Spend'!$A8,'Raw data'!$M$2:$M$3801,'Quoted Spend'!E$1) -> 122944.8 | F8: =AVERAGE(B8:E8) -> 86302.725
A9: =A8+1 -> 8 | B9: =SUMIFS('Raw data'!$AC$2:$AC$3801,'Raw data'!$A$2:$A$3801,'Quoted Spend'!$A9,'Raw data'!$M$2:$M$3801,'Quoted Spend'!B$1) -> 1740.41 | C9: =SUMIFS('Raw data'!$AC$2:$AC$3801,'Raw data'!$A$2:$A$3801,'Quoted Spend'!$A9,'Raw data'!$M$2:$M$3801,'Quoted Spend'!C$1) -> 244577.41 | D9: =SUMIFS('Raw data'!$AC$2:$AC$3801,'Raw data'!$A$2:$A$3801,'Quoted Spend'!$A9,'Raw data'!$M$2:$M$3801,'Quoted Spend'!D$1) -> 1700.85 | E9: =SUMIFS('Raw data'!$AC$2:$AC$3801,'Raw data'!$A$2:$A$3801,'Quoted Spend'!$A9,'Raw data'!$M$2:$M$3801,'Quoted Spend'!E$1) -> 143598.06 | F9: =AVERAGE(B9:E9) -> 97904.182
A10: =A9+1 -> 9 | B10: =SUMIFS('Raw data'!$AC$2:$AC$3801,'Raw data'!$A$2:$A$3801,'Quoted Spend'!$A10,'Raw data'!$M$2:$M$3801,'Quoted Spend'!B$1) -> 53492.35 | C10: =SUMIFS('Raw data'!$AC$2:$AC$3801,'Raw data'!$A$2:$A$3801,'Quoted Spend'!$A10,'Raw data'!$M$2:$M$3801,'Quoted Spend'!C$1) -> 119765.11 | D10: =SUMIFS('Raw data'!$AC$2:$AC$3801,'Raw data'!$A$2:$A$3801,'Quoted Spend'!$A10,'Raw data'!$M$2:$M$3801,'Quoted Spend'!D$1) -> 93912.49 | E10: =SUMIFS('Raw data'!$AC$2:$AC$3801,'Raw data'!$A$2:$A$3801,'Quoted Spend'!$A10,'Raw data'!$M$2:$M$3801,'Quoted Spend'!E$1) -> 136062.4 | F10: =AVERAGE(B10:E10) -> 100808.09
A11: =A10+1 -> 10 | B11: =SUMIFS('Raw data'!$AC$2:$AC$3801,'Raw data'!$A$2:$A$3801,'Quoted Spend'!$A11,'Raw data'!$M$2:$M$3801,'Quoted Spend'!B$1) -> 34614.44 | C11: =SUMIFS('Raw data'!$AC$2:$AC$3801,'Raw data'!$A$2:$A$3801,'Quoted Spend'!$A11,'Raw data'!$M$2:$M$3801,'Quoted Spend'!C$1) -> 104847.97 | D11: =SUMIFS('Raw data'!$AC$2:$AC$3801,'Raw data'!$A$2:$A$3801,'Quoted Spend'!$A11,'Raw data'!$M$2:$M$3801,'Quoted Spend'!D$1) -> 255765.17 | E11: =SUMIFS('Raw data'!$AC$2:$AC$3801,'Raw data'!$A$2:$A$3801,'Quoted Spend'!$A11,'Raw data'!$M$2:$M$3801,'Quoted Spend'!E$1) -> 20663.96 | F11: =AVERAGE(B11:E11) -> 103972.88
A12: =A11+1 -> 11 | B12: =SUMIFS('Raw data'!$AC$2:$AC$3801,'Raw data'!$A$2:$A$3801,'Quoted Spend'!$A12,'Raw data'!$M$2:$M$3801,'Quoted Spend'!B$1) -> 198868.57 | C12: =SUMIFS('Raw data'!$AC$2:$AC$3801,'Raw data'!$A$2:$A$3801,'Quoted Spend'!$A12,'Raw data'!$M$2:$M$3801,'Quoted Spend'!C$1) -> 49061.45 | D12: =SUMIFS('Raw data'!$AC$2:$AC$3801,'Raw data'!$A$2:$A$3801,'Quoted Spend'!$A12,'Raw data'!$M$2:$M$3801,'Quoted Spend'!D$1) -> 150869.77 | E12: =SUMIFS('Raw data'!$AC$2:$AC$3801,'Raw data'!$A$2:$A$3801,'Quoted Spend'!$A12,'Raw data'!$M$2:$M$3801,'Quoted Spend'!E$1) -> 940.24 | F12: =AVERAGE(B12:E12) -> 99935.007
A13: =A12+1 -> 12 | B13: =SUMIFS('Raw data'!$AC$2:$AC$3801,'Raw data'!$A$2:$A$3801,'Quoted Spend'!$A13,'Raw data'!$M$2:$M$3801,'Quoted Spend'!B$1) -> 17247.17 | C13: =SUMIFS('Raw data'!$AC$2:$AC$3801,'Raw data'!$A$2:$A$3801,'Quoted Spend'!$A13,'Raw data'!$M$2:$M$3801,'Quoted Spend'!C$1) -> 71739.1 | D13: =SUMIFS('Raw data'!$AC$2:$AC$3801,'Raw data'!$A$2:$A$3801,'Quoted Spend'!$A13,'Raw data'!$M$2:$M$3801,'Quoted Spend'!D$1) -> 113442.58 | E13: =SUMIFS('Raw data'!$AC$2:$AC$3801,'Raw data'!$A$2:$A$3801,'Quoted Spend'!$A13,'Raw data'!$M$2:$M$3801,'Quoted Spend'!E$1) -> 199728.82 | F13: =AVERAGE(B13:E13) -> 100539.42
A14: =A13+1 -> 13 | B14: =SUMIFS('Raw data'!$AC$2:$AC$3801,'Raw data'!$A$2:$A$3801,'Quoted Spend'!$A14,'Raw data'!$M$2:$M$3801,'Quoted Spend'!B$1) -> 77277 | C14: =SUMIFS('Raw data'!$AC$2:$AC$3801,'Raw data'!$A$2:$A$3801,'Quoted Spend'!$A14,'Raw data'!$M$2:$M$3801,'Quoted Spend'!C$1) -> 221552.23 | D14: =SUMIFS('Raw data'!$AC$2:$AC$3801,'Raw data'!$A$2:$A$3801,'Quoted Spend'!$A14,'Raw data'!$M$2:$M$3801,'Quoted Spend'!D$1) -> 34936.84 | E14: =SUMIFS('Raw data'!$AC$2:$AC$3801,'Raw data'!$A$2:$A$3801,'Quoted Spend'!$A14,'Raw data'!$M$2:$M$3801,'Quoted Spend'!E$1) -> 0 | F14: =AVERAGE(B14:E14) -> 83441.517
... A101: =A100+1 -> 100 | B101: =SUMIFS('Raw data'!$AC$2:$AC$3801,'Raw data'!$A$2:$A$3801,'Quoted Spend'!$A101,'Raw data'!$M$2:$M$3801,'Quoted Spend'!B$1) -> 150002.91 | C101: =SUMIFS('Raw data'!$AC$2:$AC$3801,'Raw data'!$A$2:$A$3801,'Quoted Spend'!$A101,'Raw data'!$M$2:$M$3801,'Quoted Spend'!C$1) -> 779.47 | D101: =SUMIFS('Raw data'!$AC$2:$AC$3801,'Raw data'!$A$2:$A$3801,'Quoted Spend'!$A101,'Raw data'!$M$2:$M$3801,'Quoted Spend'!D$1) -> 193788.78 | E101: =SUMIFS('Raw data'!$AC$2:$AC$3801,'Raw data'!$A$2:$A$3801,'Quoted Spend'!$A101,'Raw data'!$M$2:$M$3801,'Quoted Spend'!E$1) -> 76407.07 | F101: =AVERAGE(B101:E101) -> 105244.56
A102: AVG | B102: =AVERAGE(B2:B101) -> 85722.632 | C102: =AVERAGE(C2:C101) -> 105925.32 | D102: =AVERAGE(D2:D101) -> 75346.428 | E102: =AVERAGE(E2:E101) -> 105071.67 | F102: =AVERAGE(F2:F101) -> 93016.513 | G102: =AVERAGE(B2:E101) -> 93016.513
A103: STDEV | B103: =STDEV(B2:B101) -> 75083.687 | C103: =STDEV(C2:C101) -> 85251.33 | D103: =STDEV(D2:D101) -> 66952.782 | E103: =STDEV(E2:E101) -> 68431.966 | F103: =STDEV(F2:F101) -> 9002.0929 | G103: =STDEV(B2:E101) -> 75140.046
