Workbook

Sheet Raw data
A1: Iteration | B1: ECN | C1: Supplier ID | D1: New supplier | E1: Rule 1 | F1: Rule 2 | G1: Rule 3 | H1: Rule 4 | I1: Rule 5 | J1: Rule 6 | K1: Rule 7 | L1: Rule 8 | M1: Rule 9 | N1: Rule 10 | O1: Rule 11 | P1: Rule 12 | Q1: Rule 13 | R1: Rule 14 | S1: Rule 15 | T1: Rule 16 | U1: Rule 17 | V1: Rule 18 | W1: Score | X1: Wait | Y1: Implement | Z1: Action
A2: 1 | B2: ECN0000302 | C2: 10000082 | D2: TRUE | F2: 0 | G2: 0 | H2: 0 | I2: 0 | J2: 1 | W2: 3.1666667 | X2: 1 | Y2: 0 | Z2: Wait
A3: 1 | B3: ECN0000302 | C3: 10000073 | D3: TRUE | E3: 0 | F3: 0 | G3: 0 | H3: 0 | I3: 0.56863917 | J3: 0.25379741 | W3: 5.7864079 | X3: 0.25379741 | Y3: 0.56863917 | Z3: Implement
A4: 1 | B4: ECN0000305 | C4: 10000082 | D4: TRUE | F4: 0 | G4: 0 | H4: 0 | I4: 0 | J4: 0.93953983 | W4: 3.1666667 | X4: 1 | Y4: 0 | Z4: Wait
A5: 1 | B5: ECN0000305 | C5: 10000033 | D5: FALSE | E5: 0 | F5: 0 | G5: 0 | H5: 0 | I5: 0 | J5: 0 | K5: 0 | L5: 0 | M5: 0 | N5: 0 | O5: 0 | P5: 0.29659822 | Q5: 0 | R5: 0.10226786 | S5: 0 | T5: 0.10226786 | U5: 0 | V5: 0.70340178 | W5: 6.3805774 | X5: 0.10226786 | Y5: 0.70340178 | Z5: Implement
A6: 1 | B6: ECN0000301 | C6: 10000082 | D6: TRUE | F6: 0 | G6: 0 | H6: 0 | I6: 0 | J6: 1 | W6: 3.1666667 | X6: 1 | Y6: 0 | Z6: Wait
A7: 1 | B7: ECN0000301 | C7: 10000073 | D7: FALSE | E7: 0 | F7: 0 | G7: 0 | H7: 0 | I7: 0 | J7: 0 | K7: 0 | L7: 0 | M7: 0 | N7: 0 | O7: 0.42351265 | P7: 0 | Q7: 0.25867142 | R7: 0 | S7: 0.25867142 | T7: 0 | U7: 0.57648735 | V7: 0 | W7: 5.7846402 | X7: 0.25867142 | Y7: 0.57648735 | Z7: Implement
A8: 1 | B8: ECN0000304 | C8: 10000033 | D8: FALSE | E8: 0 | F8: 0 | G8: 0 | H8: 0 | I8: 0 | J8: 0 | K8: 0 | L8: 0 | M8: 0 | N8: 0 | O8: 0 | P8: 0.2995766 | Q8: 0 | R8: 0.11606382 | S8: 0 | T8: 0.11606382 | U8: 0 | V8: 0.7004234 | W8: 6.3393958 | X8: 0.11606382 | Y8: 0.7004234 | Z8: Implement
A9: 1 | B9: ECN0000306 | C9: 10000073 | D9: FALSE | E9: 0 | F9: 0 | G9: 0 | H9: 0 | I9: 0 | J9: 0 | K9: 0 | L9: 0 | M9: 0 | N9: 0 | O9: 0.42616333 | P9: 0 | Q9: 0.27785732 | R9: 0 | S9: 0.27785732 | T9: 0 | U9: 0.57383667 | V9: 0 | W9: 5.7260568 | X9: 0.27785732 | Y9: 0.57383667 | Z9: Implement
A10: 1 | B10: ECN0000303 | C10: 10000082 | D10: TRUE | F10: 0 | G10: 0 | H10: 0 | I10: 0 | J10: 0.99541878 | W10: 3.1666667 | X10: 1 | Y10: 0 | Z10: Wait
A11: 1 | B11: ECN0000308 | C11: 10000033 | D11: FALSE | E11: 0 | F11: 0 | G11: 0 | H11: 0 | I11: 0 | J11: 0 | K11: 0 | L11: 0 | M11: 0 | N11: 0 | O11: 0 | P11: 0.30536343 | Q11: 0 | R11: 0.13682097 | S11: 0 | T11: 0.13682097 | U11: 0 | V11: 0.69463657 | W11: 6.2762003 | X11: 0.13682097 | Y11: 0.69463657 | Z11: Implement
A12: 1 | B12: ECN0000303 | C12: 10000073 | D12: FALSE | E12: 0 | F12: 0 | G12: 0 | H12: 0 | I12: 0 | J12: 0 | K12: 0 | L12: 0 | M12: 0 | N12: 0 | O12: 0.42858598 | P12: 0 | Q12: 0.28023535 | R12: 0 | S12: 0.28023535 | T12: 0 | U12: 0.57141402 | V12: 0 | W12: 5.7154444 | X12: 0.28023535 | Y12: 0.57141402 | Z12: Implement
A13: 1 | B13: ECN0000309 | C13: 10000033 | D13: FALSE | E13: 0 | F13: 0 | G13: 0 | H13: 0 | I13: 0 | J13: 0 | K13: 0 | L13: 0 | M13: 0 | N13: 0 | O13: 0 | P13: 0.31427303 | Q13: 0 | R13: 0.13682097 | S13: 0 | T13: 0.13682097 | U13: 0 | V13: 0.68572697 | W13: 6.2674263 | X13: 0.13682097 | Y13: 0.68572697 | Z13: Implement
A14: 1 | B14: ECN0000307 | C14: 10000033 | D14: FALSE | E14: 0 | F14: 0 | G14: 0 | H14: 0.26666667 | I14: 0 | J14: 0.26666667 | K14: 0 | L14: 0.66753639 | M14: 0.1764358 | N14: 0 | O14: 0 | P14: 0 | Q14: 0 | R14: 0 | S14: 0 | T14: 0 | U14: 0 | V14: 0 | W14: 6.1376513 | X14: 0.1764358 | Y14: 0.66753639 | Z14: Implement
A15: 1 | B15: ECN0000310 | C15: 10000082 | D15: TRUE | F15: 0 | G15: 0.99435065 | H15: 0 | I15: 0 | J15: 0 | W15: 4.9954152 | X15: 1 | Y15: 0.99435065 | Z15: Wait
A16: 1 | B16: ECN0000310 | C16: 10000033 | D16: FALSE | E16: 0 | F16: 0 | G16: 0 | H16: 0.66253444 | I16: 0 | J16: 0.33746556 | K16: 0 | L16: 0 | M16: 0 | N16: 0 | O16: 0 | P16: 0 | Q16: 0 | R16: 0 | S16: 0 | T16: 0 | U16: 0 | V16: 0 | W16: 6.6494668 | X16: 0 | Y16: 0.66253444 | Z16: Implement
A17: 2 | B17: ECN0000310 | C17: 10000082 | D17: TRUE | F17: 0 | G17: 0 | H17: 0 | I17: 0.26014482 | J17: 0.73985518 | W17: 3.7375473 | X17: 1 | Y17: 0.26014482 | Z17: Wait
A18: 2 | B18: ECN0000310 | C18: 10000073 | D18: TRUE | E18: 0 | F18: 0 | G18: 0 | H18: 0 | I18: 0.56863917 | J18: 0.24632898 | W18: 5.8080504 | X18: 0.24632898 | Y18: 0.56863917 | Z18: Implement
A19: 2 | B19: ECN0000307 | C19: 10000047 | D19: FALSE | E19: 0 | F19: 0 | G19: 0 | H19: 0 | I19: 0 | J19: 0 | K19: 0 | L19: 0 | M19: 0 | N19: 0 | O19: 0.75784 | P19: 0 | Q19: 0.24216 | R19: 0 | S19: 0 | T19: 0 | U19: 0 | V19: 0 | W19: 6.0669176 | X19: 0.24216 | Y19: 0.75784 | Z19: Implement
A20: 2 | B20: ECN0000305 | C20: 10000073 | D20: FALSE | E20: 0 | F20: 0 | G20: 0 | H20: 0 | I20: 0 | J20: 0 | K20: 0 | L20: 0 | M20: 0 | N20: 0 | O20: 0.44676321 | P20: 0.32201488 | Q20: 0 | R20: 0 | S20: 0 | T20: 0 | U20: 0 | V20: 0.55323679 | W20: 6.5865783 | X20: 0 | Y20: 0.55323679 | Z20: Implement
A21: 2 | B21: ECN0000306 | C21: 10000082 | D21: TRUE | F21: 0 | G21: 0 | H21: 0 | I21: 1 | J21: 0 | W21: 5.0025004 | X21: 1 | Y21: 1 | Z21: Wait
A22: 2 | B22: ECN0000306 | C22: 10000033 | D22: FALSE | E22: 0 | F22: 0 | G22: 0 | H22: 0 | I22: 0 | J22: 0 | K22: 0 | L22: 0 | M22: 0 | N22: 0 | O22: 0 | P22: 0.30873154 | Q22: 0 | R22: 0.18176678 | S22: 0 | T22: 0.18176678 | U22: 0 | V22: 0.69126846 | W22: 6.1493598 | X22: 0.18176678 | Y22: 0.69126846 | Z22: Implement
A23: 2 | B23: ECN0000308 | C23: 10000082 | D23: TRUE | F23: 0 | G23: 0 | H23: 0 | I23: 1 | J23: 0 | W23: 5.0025004 | X23: 1 | Y23: 1 | Z23: Wait
A24: 2 | B24: ECN0000308 | C24: 10000073 | D24: FALSE | E24: 0 | F24: 0 | G24: 0 | H24: 0 | I24: 0 | J24: 0 | K24: 0 | L24: 0 | M24: 0 | N24: 0 | O24: 0.4322883 | P24: 0 | Q24: 0.37129742 | R24: 0 | S24: 0.28571429 | T24: 0 | U24: 0.28571429 | V24: 0.5677117 | W24: 5.4627858 | X24: 0.37129742 | Y24: 0.5677117 | Z24: Implement
A25: 2 | B25: ECN0000309 | C25: 10000082 | D25: TRUE | F25: 0 | G25: 0 | H25: 0 | I25: 1 | J25: 0 | W25: 5.0025004 | X25: 1 | Y25: 1 | Z25: Wait
A26: 2 | B26: ECN0000309 | C26: 10000047 | D26: FALSE | E26: 0 | F26: 0 | G26: 0 | H26: 0 | I26: 0 | J26: 0 | K26: 0 | L26: 0 | M26: 0 | N26: 0 | O26: 0.66548928 | P26: 0.18181818 | Q26: 0.33451072 | R26: 0 | S26: 0 | T26: 0 | U26: 0 | V26: 0 | W26: 5.7173382 | X26: 0.33451072 | Y26: 0.66548928 | Z26: Implement
A27: 2 | B27: ECN0000301 | C27: 10000033 | D27: FALSE | E27: 0 | F27: 0 | G27: 0 | H27: 0 | I27: 0 | J27: 0 | K27: 0 | L27: 0.43333333 | M27: 0.27296265 | N27: 0 | O27: 0 | P27: 0.33153928 | Q27: 0 | R27: 0.27296265 | S27: 0 | T27: 0.27296265 | U27: 0 | V27: 0.56666667 | W27: 5.7283192 | X27: 0.27296265 | Y27: 0.56666667 | Z27: Implement
A28: 2 | B28: ECN0000303 | C28: 10000082 | D28: TRUE | F28: 0 | G28: 0.78947923 | H28: 0 | I28: 0 | J28: 0 | W28: 4.7111012 | X28: 1 | Y28: 0.78947923 | Z28: Wait
A29: 2 | B29: ECN0000302 | C29: 10000073 | D29: FALSE | E29: 0.23333333 | F29: 0 | G29: 0.23333333 | H29: 0 | I29: 0 | J29: 0 | K29: 0.54994802 | L29: 0 | M29: 0 | N29: 0 | O29: 0 | P29: 0 | Q29: 0 | R29: 0 | S29: 0 | T29: 0 | U29: 0 | V29: 0 | W29: 3.41784 | X29: 0.54994802 | Y29: 0 | Z29: Wait
A30: 2 | B30: ECN0000303 | C30: 10000073 | D30: FALSE | E30: 0.4 | F30: 0 | G30: 0.4 | H30: 0 | I30: 0 | J30: 0 | K30: 0.54994802 | L30: 0 | M30: 0 | N30: 0 | O30: 0 | P30: 0 | Q30: 0 | R30: 0 | S30: 0 | T30: 0 | U30: 0 | V30: 0 | W30: 3.41784 | X30: 0.54994802 | Y30: 0 | Z30: Wait
A31: 2 | B31: ECN0000303 | C31: 10000033 | D31: FALSE | E31: 0 | F31: 0 | G31: 0 | H31: 0.5 | I31: 0 | J31: 0.32766287 | K31: 0 | L31: 0.5 | M31: 0.38418043 | N31: 0 | O31: 0 | P31: 0 | Q31: 0 | R31: 0 | S31: 0 | T31: 0 | U31: 0 | V31: 0 | W31: 5.2938289 | X31: 0.38418043 | Y31: 0.5 | Z31: Implement
A32: 2 | B32: ECN0000302 | C32: 10000082 | D32: TRUE | F32: 0 | G32: 0.6 | H32: 0 | I32: 0 | J32: 0 | W32: 4.4004238 | X32: 1 | Y32: 0.6 | Z32: Wait
A33: 2 | B33: ECN0000302 | C33: 10000033 | D33: FALSE | E33: 0 | F33: 0.32785365 | G33: 0.67214635 | H33: 0.25 | I33: 0.32785365 | J33: 0.25 | K33: 0 | L33: 0.16666667 | M33: 0.16666667 | N33: 0 | O33: 0 | P33: 0 | Q33: 0 | R33: 0 | S33: 0 | T33: 0 | U33: 0 | V33: 0 | W33: 4.2607058 | X33: 0.67214635 | Y33: 0.32785365 | Z33: Wait
A34: 2 | B34: ECN0000302 | C34: 10000047 | D34: FALSE | E34: 0.28571429 | F34: 0 | G34: 0 | H34: 0 | I34: 0.56546373 | J34: 0 | K34: 0 | L34: 0 | M34: 0 | N34: 0 | O34: 0 | P34: 0 | Q34: 0 | R34: 0 | S34: 0 | T34: 0 | U34: 0 | V34: 0 | W34: 5.6902479 | X34: 0.28571429 | Y34: 0.56546373 | Z34: Implement
A35: 2 | B35: ECN0000304 | C35: 10000047 | D35: FALSE | E35: 1 | F35: 0 | G35: 0 | H35: 0 | I35: 0 | J35: 0 | K35: 0 | L35: 0 | M35: 0 | N35: 0 | O35: 0 | P35: 0 | Q35: 0 | R35: 0 | S35: 0 | T35: 0 | U35: 0 | V35: 0 | W35: 3.1666667 | X35: 1 | Y35: 0 | Z35: Wait
A36: 2 | B36: ECN0000304 | C36: 10000033 | D36: FALSE | E36: 0 | F36: 0.35920161 | G36: 0.64079839 | H36: 0.25 | I36: 0.35920161 | J36: 0.25 | K36: 0 | L36: 0 | M36: 0 | N36: 0 | O36: 0 | P36: 0 | Q36: 0 | R36: 0 | S36: 0 | T36: 0 | U36: 0 | V36: 0 | W36: 4.3863865 | X36: 0.64079839 | Y36: 0.35920161 | Z36: Wait
A37: 2 | B37: ECN0000304 | C37: 10000082 | D37: TRUE | F37: 0 | G37: 0.99835495 | H37: 0 | I37: 0 | J37: 0 | W37: 5.0004414 | X37: 1 | Y37: 0.99835495 | Z37: Wait
A38: 2 | B38: ECN0000304 | C38: 10000073 | D38: FALSE | E38: 0.48245385 | F38: 0 | G38: 0.51754615 | H38: 0 | I38: 0 | J38: 0 | K38: 0 | L38: 0 | M38: 0 | N38: 0 | O38: 0 | P38: 0 | Q38: 0 | R38: 0 | S38: 0 | T38: 0 | U38: 0 | V38: 0 | W38: 3.4367084 | X38: 0.51754615 | Y38: 0 | Z38: Wait
A39: 3 | B39: ECN0000309 | C39: 10000033 | D39: FALSE | E39: 0 | F39: 0 | G39: 0 | H39: 0 | I39: 0 | J39: 0 | K39: 0 | L39: 0 | M39: 0 | N39: 0 | O39: 0 | P39: 0.30882978 | Q39: 0 | R39: 0.049191809 | S39: 0 | T39: 0.049191809 | U39: 0 | V39: 0.69117022 | W39: 6.5218776 | X39: 0.049191809 | Y39: 0.69117022 | Z39: Implement
A40: 3 | B40: ECN0000304 | C40: 10000082 | D40: TRUE | F40: 0 | G40: 0 | H40: 0 | I40: 0.50714947 | J40: 0.54200846 | W40: 4.2319173 | X40: 1 | Y40: 0.50714947 | Z40: Wait
A41: 3 | B41: ECN0000304 | C41: 10000033 | D41: FALSE | E41: 0 | F41: 0 | G41: 0 | H41: 0 | I41: 0 | J41: 0 | K41: 0 | L41: 0 | M41: 0 | N41: 0 | O41: 0 | P41: 0.31800714 | Q41: 0.31800714 | R41: 0.18774643 | S41: 0 | T41: 0.18774643 | U41: 0 | V41: 0.66666667 | W41: 5.7604616 | X41: 0.31800714 | Y41: 0.66666667 | Z41: Implement
A42: 3 | B42: ECN0000301 | C42: 10000047 | D42: FALSE | E42: 0 | F42: 0 | G42: 0 | H42: 0 | I42: 0 | J42: 0 | K42: 0 | L42: 0 | M42: 0 | N42: 0 | O42: 0.70330037 | P42: 0 | Q42: 0.29669963 | R42: 0 | S42: 0 | T42: 0 | U42: 0 | V42: 0 | W42: 5.8645028 | X42: 0.29669963 | Y42: 0.70330037 | Z42: Implement
A43: 3 | B43: ECN0000301 | C43: 10000082 | D43: TRUE | F43: 0 | G43: 0 | H43: 0 | I43: 0.12827108 | J43: 0.87172892 | W43: 3.4521334 | X43: 1 | Y43: 0.12827108 | Z43: Wait
A44: 3 | B44: ECN0000308 | C44: 10000033 | D44: FALSE | E44: 0 | F44: 0 | G44: 0 | H44: 0 | I44: 0 | J44: 0 | K44: 0 | L44: 0 | M44: 0 | N44: 0 | O44: 0 | P44: 0 | Q44: 0.30046025 | R44: 0 | S44: 0.15384615 | T44: 0.27475367 | U44: 0 | V44: 0.69953975 | W44: 5.8501207 | X44: 0.30046025 | Y44: 0.69953975 | Z44: Implement
A45: 3 | B45: ECN0000303 | C45: 10000073 | D45: TRUE | E45: 0 | F45: 0 | G45: 0 | H45: 0 | I45: 0.58475066 | J45: 0.33020576 | W45: 5.6008623 | X45: 0.33020576 | Y45: 0.58475066 | Z45: Implement
A46: 3 | B46: ECN0000307 | C46: 10000073 | D46: FALSE | E46: 0 | F46: 0 | G46: 0 | H46: 0 | I46: 0 | J46: 0 | K46: 0 | L46: 0 | M46: 0 | N46: 0 | O46: 0.41327767 | P46: 0.33020576 | Q46: 0 | R46: 0 | S46: 0 | T46: 0 | U46: 0 | V46: 0.58672233 | W46: 6.6059663 | X46: 0 | Y46: 0.58672233 | Z46: Implement
A47: 3 | B47: ECN0000310 | C47: 10000082 | D47: TRUE | F47: 0 | G47: 0 | H47: 0 | I47: 0 | J47: 0.52863871 | W47: 3.1666667 | X47: 1 | Y47: 0 | Z47: Wait
A48: 3 | B48: ECN0000310 | C48: 10000047 | D48: FALSE | E48: 0 | F48: 0 | G48: 0 | H48: 0 | I48: 0 | J48: 0 | K48: 0 | L48: 0 | M48: 0 | N48: 0 | O48: 0.61684146 | P48: 0 | Q48: 0.38315854 | R48: 0 | S48: 0 | T48: 0 | U48: 0 | V48: 0 | W48: 5.5194486 | X48: 0.38315854 | Y48: 0.61684146 | Z48: Implement
A49: 3 | B49: ECN0000306 | C49: 10000033 | D49: FALSE | E49: 0.29625385 | F49: 0.29625385 | G49: 0.58823529 | H49: 0 | I49: 0.29625385 | J49: 0 | K49: 0.33333333 | L49: 0.33333333 | M49: 0.33333333 | N49: 0 | O49: 0 | P49: 0 | Q49: 0 | R49: 0 | S49: 0 | T49: 0 | U49: 0 | V49: 0 | W49: 4.40603 | X49: 0.58823529 | Y49: 0.33333333 | Z49: Wait
A50: 3 | B50: ECN0000306 | C50: 10000082 | D50: TRUE | F50: 0.45393705 | G50: 0.54606295 | H50: 0.26666667 | I50: 0 | J50: 0 | W50: 4.3037951 | X50: 1 | Y50: 0.54606295 | Z50: Wait
A51: 3 | B51: ECN0000306 | C51: 10000047 | D51: FALSE | E51: 0.96666667 | F51: 0 | G51: 0 | H51: 0 | I51: 0 | J51: 0 | K51: 0.033333333 | L51: 0 | M51: 0 | N51: 0 | O51: 0 | P51: 0 | Q51: 0 | R51: 0 | S51: 0 | T51: 0 | U51: 0 | V51: 0 | W51: 3.1845093 | X51: 0.96666667 | Y51: 0 | Z51: Wait
A52: 3 | B52: ECN0000305 | C52: 10000033 | D52: FALSE | E52: 0.29625385 | F52: 0.29625385 | G52: 0.58823529 | H52: 0 | I52: 0.29625385 | J52: 0 | K52: 0 | L52: 0 | M52: 0 | N52: 0 | O52: 0 | P52: 0 | Q52: 0 | R52: 0 | S52: 0 | T52: 0 | U52: 0 | V52: 0 | W52: 4.3061525 | X52: 0.58823529 | Y52: 0.29625385 | Z52: Wait
A53: 3 | B53: ECN0000305 | C53: 10000073 | D53: FALSE | E53: 0 | F53: 0 | G53: 0 | H53: 0.58059858 | I53: 0 | J53: 0.41940142 | K53: 0 | L53: 0 | M53: 0 | N53: 0 | O53: 0 | P53: 0 | Q53: 0 | R53: 0 | S53: 0 | T53: 0 | U53: 0 | V53: 0 | W53: 6.6024274 | X53: 0 | Y53: 0.58059858 | Z53: Implement
A54: 3 | B54: ECN0000302 | C54: 10000033 | D54: FALSE | E54: 0.29937753 | F54: 0.29937753 | G54: 0.58823529 | H54: 0 | I54: 0.29937753 | J54: 0 | K54: 0 | L54: 0 | M54: 0 | N54: 0 | O54: 0 | P54: 0 | Q54: 0 | R54: 0 | S54: 0 | T54: 0 | U54: 0 | V54: 0 | W54: 4.3146953 | X54: 0.58823529 | Y54: 0.29937753 | Z54: Wait
A55: 3 | B55: ECN0000302 | C55: 10000082 | D55: TRUE | F55: 0.60938823 | G55: 0.39061177 | H55: 0 | I55: 0 | J55: 0 | W55: 4.0063838 | X55: 1 | Y55: 0.39061177 | Z55: Wait
A56: 3 | B56: ECN0000306 | C56: 10000073 | D56: FALSE | E56: 0.4 | F56: 0 | G56: 0.57660555 | H56: 0 | I56: 0.42339445 | J56: 0 | K56: 0 | L56: 0 | M56: 0 | N56: 0 | O56: 0 | P56: 0 | Q56: 0 | R56: 0 | S56: 0 | T56: 0 | U56: 0 | V56: 0 | W56: 4.6565191 | X56: 0.57660555 | Y56: 0.42339445 | Z56: Wait
A57: 3 | B57: ECN0000302 | C57: 10000047 | D57: FALSE | E57: 1 | F57: 0 | G57: 0 | H57: 0 | I57: 0 | J57: 0 | K57: 0 | L57: 0 | M57: 0 | N57: 0 | O57: 0 | P57: 0 | Q57: 0 | R57: 0 | S57: 0 | T57: 0 | U57: 0 | V57: 0 | W57: 3.1666667 | X57: 1 | Y57: 0 | Z57: Wait
A58: 3 | B58: ECN0000302 | C58: 10000073 | D58: FALSE | E58: 0.42497205 | F58: 0 | G58: 0.54545455 | H58: 0 | I58: 0.42497205 | J58: 0 | K58: 0 | L58: 0 | M58: 0 | N58: 0 | O58: 0 | P58: 0 | Q58: 0 | R58: 0 | S58: 0 | T58: 0 | U58: 0 | V58: 0 | W58: 4.7214853 | X58: 0.54545455 | Y58: 0.42497205 | Z58: Wait
A59: 4 | B59: ECN0000307 | C59: 10000047 | D59: FALSE | E59: 0 | F59: 0 | G59: 0 | H59: 0 | I59: 0 | J59: 0 | K59: 0 | L59: 0 | M59: 0 | N59: 0 | O59: 0.82072177 | P59: 0 | Q59: 0.17927823 | R59: 0 | S59: 0 | T59: 0 | U59: 0 | V59: 0 | W59: 6.2863989 | X59: 0.17927823 | Y59: 0.82072177 | Z59: Implement
A60: 4 | B60: ECN0000305 | C60: 10000073 | D60: TRUE | E60: 0 | F60: 0 | G60: 0 | H60: 0 | I60: 0.55712908 | J60: 0.25392426 | W60: 5.7678279 | X60: 0.25392426 | Y60: 0.55712908 | Z60: Implement
A61: 4 | B61: ECN0000304 | C61: 10000073 | D61: FALSE | E61: 0 | F61: 0 | G61: 0 | H61: 0 | I61: 0 | J61: 0 | K61: 0 | L61: 0 | M61: 0 | N61: 0 | O61: 0.45432187 | P61: 0 | Q61: 0.25392426 | R61: 0 | S61: 0.25392426 | T61: 0 | U61: 0.54567813 | V61: 0 | W61: 5.7492735 | X61: 0.25392426 | Y61: 0.54567813 | Z61: Implement
A62: 4 | B62: ECN0000308 | C62: 10000033 | D62: FALSE | E62: 0 | F62: 0 | G62: 0 | H62: 0 | I62: 0 | J62: 0 | K62: 0 | L62: 0 | M62: 0 | N62: 0 | O62: 0 | P62: 0.32627663 | Q62: 0 | R62: 0.18848187 | S62: 0 | T62: 0.18848187 | U62: 0 | V62: 0.67372337 | W62: 6.1113648 | X62: 0.18848187 | Y62: 0.67372337 | Z62: Implement
A63: 4 | B63: ECN0000310 | C63: 10000082 | D63: TRUE | F63: 0 | G63: 0 | H63: 0 | I63: 0.26681662 | J63: 0.73318338 | W63: 3.7516628 | X63: 1 | Y63: 0.26681662 | Z63: Wait
A64: 4 | B64: ECN0000310 | C64: 10000033 | D64: FALSE | E64: 0 | F64: 0 | G64: 0 | H64: 0 | I64: 0 | J64: 0 | K64: 0 | L64: 0 | M64: 0 | N64: 0 | O64: 0 | P64: 0.32343221 | Q64: 0 | R64: 0.19026641 | S64: 0 | T64: 0.19026641 | U64: 0 | V64: 0.67656779 | W64: 6.1097228 | X64: 0.19026641 | Y64: 0.67656779 | Z64: Implement
A65: 4 | B65: ECN0000306 | C65: 10000033 | D65: FALSE | E65: 0 | F65: 0 | G65: 0 | H65: 0 | I65: 0 | J65: 0 | K65: 0 | L65: 0 | M65: 0 | N65: 0 | O65: 0 | P65: 0.33680071 | Q65: 0.14285714 | R65: 0.19026641 | S65: 0 | T65: 0.19026641 | U65: 0 | V65: 0.66319929 | W65: 6.0942853 | X65: 0.19026641 | Y65: 0.66319929 | Z65: Implement
A66: 4 | B66: ECN0000306 | C66: 10000073 | D66: FALSE | E66: 0 | F66: 0 | G66: 0 | H66: 0 | I66: 0 | J66: 0 | K66: 0 | L66: 0 | M66: 0 | N66: 0 | O66: 0.46159364 | P66: 0 | Q66: 0.28949936 | R66: 0 | S66: 0.28949936 | T66: 0 | U66: 0.53840636 | V66: 0 | W66: 5.6331715 | X66: 0.28949936 | Y66: 0.53840636 | Z66: Implement
A67: 4 | B67: ECN0000301 | C67: 10000033 | D67: FALSE | E67: 0 | F67: 0 | G67: 0 | H67: 0 | I67: 0 | J67: 0 | K67: 0 | L67: 0 | M67: 0 | N67: 0 | O67: 0 | P67: 0.33536202 | Q67: 0.33536202 | R67: 0.20345221 | S67: 0 | T67: 0.20345221 | U67: 0 | V67: 0.5 | W67: 5.4287978 | X67: 0.33536202 | Y67: 0.5 | Z67: Implement
A68: 4 | B68: ECN0000303 | C68: 10000033 | D68: FALSE | E68: 0 | F68: 0 | G68: 0 | H68: 0 | I68: 0 | J68: 0 | K68: 0 | L68: 0 | M68: 0 | N68: 0 | O68: 0 | P68: 0.33177463 | Q68: 0.33177463 | R68: 0.2322893 | S68: 0 | T68: 0.2322893 | U68: 0 | V68: 0.64705882 | W68: 5.6966665 | X68: 0.33177463 | Y68: 0.64705882 | Z68: Implement
A69: 4 | B69: ECN0000302 | C69: 10000047 | D69: FALSE | E69: 0 | F69: 0 | G69: 0 | H69: 0 | I69: 0 | J69: 0 | K69: 0 | L69: 0 | M69: 0 | N69: 0 | O69: 0.66495559 | P69: 0 | Q69: 0.33504441 | R69: 0 | S69: 0 | T69: 0 | U69: 0 | V69: 0 | W69: 5.7152202 | X69: 0.33504441 | Y69: 0.66495559 | Z69: Implement
A70: 4 | B70: ECN0000309 | C70: 10000047 | D70: FALSE | E70: 0 | F70: 0 | G70: 0 | H70: 0 | I70: 0 | J70: 0 | K70: 0 | L70: 0 | M70: 0 | N70: 0 | O70: 0.58787504 | P70: 0 | Q70: 0.41212496 | R70: 0 | S70: 0 | T70: 0 | U70: 0 | V70: 0 | W70: 5.3969006 | X70: 0.41212496 | Y70: 0.58787504 | Z70: Implement
A71: 5 | B71: ECN0000308 | C71: 10000033 | D71: FALSE | E71: 0 | F71: 0 | G71: 0 | H71: 0 | I71: 0 | J71: 0 | K71: 0 | L71: 0 | M71: 0 | N71: 0 | O71: 0 | P71: 0.30882978 | Q71: 0 | R71: 0.045602908 | S71: 0 | T71: 0.045602908 | U71: 0 | V71: 0.69117022 | W71: 6.5322848 | X71: 0.045602908 | Y71: 0.69117022 | Z71: Implement
A72: 5 | B72: ECN0000302 | C72: 10000082 | D72: TRUE | F72: 0 | G72: 0 | H72: 0 | I72: 0 | J72: 0.94679482 | W72: 3.1666667 | X72: 1 | Y72: 0 | Z72: Wait
A73: 5 | B73: ECN0000301 | C73: 10000033 | D73: FALSE | E73: 0 | F73: 0 | G73: 0 | H73: 0 | I73: 0 | J73: 0 | K73: 0 | L73: 0 | M73: 0 | N73: 0 | O73: 0 | P73: 0.31124072 | Q73: 0 | R73: 0.045602908 | S73: 0 | T73: 0.045602908 | U73: 0 | V73: 0.68875928 | W73: 6.5305544 | X73: 0.045602908 | Y73: 0.68875928 | Z73: Implement
A74: 5 | B74: ECN0000302 | C74: 10000073 | D74: TRUE | E74: 0 | F74: 0 | G74: 0 | H74: 0 | I74: 0.57681772 | J74: 0.20500316 | W74: 5.9418291 | X74: 0.20500316 | Y74: 0.57681772 | Z74: Implement
A75: 5 | B75: ECN0000305 | C75: 10000047 | D75: FALSE | E75: 0 | F75: 0 | G75: 0 | H75: 0 | I75: 0 | J75: 0 | K75: 0 | L75: 0 | M75: 0 | N75: 0 | O75: 0.79263073 | P75: 0 | Q75: 0.20736927 | R75: 0 | S75: 0 | T75: 0 | U75: 0 | V75: 0 | W75: 6.1901498 | X75: 0.20736927 | Y75: 0.79263073 | Z75: Implement
A76: 5 | B76: ECN0000304 | C76: 10000047 | D76: FALSE | E76: 0 | F76: 0 | G76: 0 | H76: 0 | I76: 0 | J76: 0 | K76: 0 | L76: 0 | M76: 0 | N76: 0 | O76: 0.79263073 | P76: 0 | Q76: 0.20736927 | R76: 0 | S76: 0 | T76: 0 | U76: 0 | V76: 0 | W76: 6.1901498 | X76: 0.20736927 | Y76: 0.79263073 | Z76: Implement
A77: 5 | B77: ECN0000310 | C77: 10000047 | D77: FALSE | E77: 0 | F77: 0 | G77: 0 | H77: 0 | I77: 0 | J77: 0 | K77: 0 | L77: 0 | M77: 0 | N77: 0 | O77: 0.79263073 | P77: 0 | Q77: 0.20736927 | R77: 0 | S77: 0 | T77: 0 | U77: 0 | V77: 0 | W77: 6.1901498 | X77: 0.20736927 | Y77: 0.79263073 | Z77: Implement
A78: 5 | B78: ECN0000303 | C78: 10000033 | D78: FALSE | E78: 0 | F78: 0 | G78: 0 | H78: 0 | I78: 0 | J78: 0 | K78: 0 | L78: 0 | M78: 0 | N78: 0 | O78: 0 | P78: 0.32046302 | Q78: 0 | R78: 0.1077711 | S78: 0 | T78: 0.1077711 | U78: 0 | V78: 0.67953698 | W78: 6.3436533 | X78: 0.1077711 | Y78: 0.67953698 | Z78: Implement
A79: 5 | B79: ECN0000309 | C79: 10000047 | D79: FALSE | E79: 0 | F79: 0 | G79: 0 | H79: 0 | I79: 0 | J79: 0 | K79: 0 | L79: 0 | M79: 0 | N79: 0 | O79: 0.75955106 | P79: 0 | Q79: 0.24044894 | R79: 0 | S79: 0 | T79: 0 | U79: 0 | V79: 0 | W79: 6.0730847 | X79: 0.24044894 | Y79: 0.75955106 | Z79: Implement
A80: 5 | B80: ECN0000307 | C80: 10000082 | D80: TRUE | F80: 0 | G80: 0 | H80: 0 | I80: 0.71661462 | J80: 0.2876921 | W80: 4.5970226 | X80: 1 | Y80: 0.71661462 | Z80: Wait
A81: 5 | B81: ECN0000307 | C81: 10000033 | D81: FALSE | E81: 0 | F81: 0 | G81: 0 | H81: 0 | I81: 0 | J81: 0 | K81: 0 | L81: 0.23333333 | M81: 0.12154801 | N81: 0 | O81: 0 | P81: 0.31013855 | Q81: 0 | R81: 0.12154801 | S81: 0 | T81: 0.12154801 | U81: 0 | V81: 0.68986145 | W81: 6.3142301 | X81: 0.12154801 | Y81: 0.68986145 | Z81: Implement
A82: 5 | B82: ECN0000306 | C82: 10000073 | D82: FALSE | E82: 0.44246983 | F82: 0 | G82: 0.55753017 | H82: 0 | I82: 0 | J82: 0 | K82: 0 | L82: 0 | M82: 0 | N82: 0 | O82: 0 | P82: 0 | Q82: 0 | R82: 0 | S82: 0 | T82: 0 | U82: 0 | V82: 0 | W82: 3.413439 | X82: 0.55753017 | Y82: 0 | Z82: Wait
A83: 5 | B83: ECN0000306 | C83: 10000047 | D83: FALSE | E83: 1 | F83: 0 | G83: 0 | H83: 0 | I83: 0 | J83: 0 | K83: 0 | L83: 0 | M83: 0 | N83: 0 | O83: 0 | P83: 0 | Q83: 0 | R83: 0 | S83: 0 | T83: 0 | U83: 0 | V83: 0 | W83: 3.1666667 | X83: 1 | Y83: 0 | Z83: Wait
A84: 5 | B84: ECN0000306 | C84: 10000033 | D84: FALSE | E84: 0 | F84: 0 | G84: 0 | H84: 0.68183701 | I84: 0 | J84: 0.31816299 | K84: 0 | L84: 0 | M84: 0 | N84: 0 | O84: 0 | P84: 0 | Q84: 0 | R84: 0 | S84: 0 | T84: 0 | U84: 0 | V84: 0 | W84: 6.6604531 | X84: 0 | Y84: 0.68183701 | Z84: Implement
A85: 6 | B85: ECN0000309 | C85: 10000082 | D85: TRUE | F85: 0 | G85: 0 | H85: 0 | I85: 0 | J85: 0.93776946 | W85: 3.1666667 | X85: 1 | Y85: 0 | Z85: Wait
A86: 6 | B86: ECN0000309 | C86: 10000033 | D86: FALSE | E86: 0 | F86: 0 | G86: 0 | H86: 0 | I86: 0 | J86: 0 | K86: 0 | L86: 0 | M86: 0 | N86: 0 | O86: 0 | P86: 0.30882978 | Q86: 0 | R86: 0.063165945 | S86: 0 | T86: 0.063165945 | U86: 0 | V86: 0.69117022 | W86: 6.4814975 | X86: 0.063165945 | Y86: 0.69117022 | Z86: Implement
A87: 6 | B87: ECN0000302 | C87: 10000082 | D87: TRUE | F87: 0 | G87: 0 | H87: 0 | I87: 0.44976733 | J87: 0.57794823 | W87: 4.1227352 | X87: 1 | Y87: 0.44976733 | Z87: Wait
A88: 6 | B88: ECN0000302 | C88: 10000033 | D88: FALSE | E88: 0 | F88: 0 | G88: 0 | H88: 0 | I88: 0 | J88: 0 | K88: 0 | L88: 0 | M88: 0 | N88: 0 | O88: 0 | P88: 0.30850313 | Q88: 0.30850313 | R88: 0.076612883 | S88: 0 | T88: 0.076612883 | U88: 0 | V88: 0.66666667 | W88: 5.7845396 | X88: 0.30850313 | Y88: 0.66666667 | Z88: Implement
A89: 6 | B89: ECN0000303 | C89: 10000073 | D89: TRUE | E89: 0 | F89: 0 | G89: 0 | H89: 0 | I89: 0.58402718 | J89: 0.23558386 | W89: 5.8623519 | X89: 0.23558386 | Y89: 0.58402718 | Z89: Implement
A90: 6 | B90: ECN0000307 | C90: 10000082 | D90: TRUE | F90: 0 | G90: 0 | H90: 0 | I90: 0.3178403 | J90: 0.7164415 | W90: 3.8583613 | X90: 1 | Y90: 0.3178403 | Z90: Wait
A91: 6 | B91: ECN0000307 | C91: 10000047 | D91: FALSE | E91: 0 | F91: 0 | G91: 0 | H91: 0 | I91: 0 | J91: 0 | K91: 0 | L91: 0 | M91: 0 | N91: 0 | O91: 0.80453789 | P91: 0 | Q91: 0.19546211 | R91: 0 | S91: 0 | T91: 0 | U91: 0 | V91: 0 | W91: 6.2312986 | X91: 0.19546211 | Y91: 0.80453789 | Z91: Implement
A92: 6 | B92: ECN0000304 | C92: 10000082 | D92: TRUE | F92: 0 | G92: 0 | H92: 0 | I92: 0.3178403 | J92: 0.7164415 | W92: 3.8583613 | X92: 1 | Y92: 0.3178403 | Z92: Wait
A93: 6 | B93: ECN0000304 | C93: 10000047 | D93: FALSE | E93: 0 | F93: 0 | G93: 0 | H93: 0 | I93: 0 | J93: 0 | K93: 0 | L93: 0 | M93: 0 | N93: 0 | O93: 0.80453789 | P93: 0 | Q93: 0.19546211 | R93: 0 | S93: 0 | T93: 0 | U93: 0 | V93: 0 | W93: 6.2312986 | X93: 0.19546211 | Y93: 0.80453789 | Z93: Implement
A94: 6 | B94: ECN0000301 | C94: 10000033 | D94: FALSE | E94: 0 | F94: 0 | G94: 0 | H94: 0 | I94: 0 | J94: 0 | K94: 0 | L94: 0 | M94: 0 | N94: 0 | O94: 0 | P94: 0.25906806 | Q94: 0 | R94: 0.10509104 | S94: 0 | T94: 0.10509104 | U94: 0 | V94: 0.74093194 | W94: 6.4051812 | X94: 0.10509104 | Y94: 0.74093194 | Z94: Implement
A95: 6 | B95: ECN0000305 | C95: 10000082 | D95: TRUE | F95: 0 | G95: 0 | H95: 0 | I95: 0 | J95: 0.99561036 | W95: 3.1666667 | X95: 1 | Y95: 0 | Z95: Wait
A96: 6 | B96: ECN0000305 | C96: 10000047 | D96: FALSE | E96: 0 | F96: 0 | G96: 0 | H96: 0 | I96: 0 | J96: 0 | K96: 0 | L96: 0 | M96: 0 | N96: 0 | O96: 0.79922927 | P96: 0 | Q96: 0.20077073 | R96: 0 | S96: 0 | T96: 0 | U96: 0 | V96: 0 | W96: 6.213017 | X96: 0.20077073 | Y96: 0.79922927 | Z96: Implement
A97: 6 | B97: ECN0000310 | C97: 10000082 | D97: TRUE | F97: 0 | G97: 0 | H97: 0 | I97: 0.027327777 | J97: 0.97756866 | W97: 3.227815 | X97: 1 | Y97: 0.027327777 | Z97: Wait
A98: 6 | B98: ECN0000310 | C98: 10000047 | D98: FALSE | E98: 0 | F98: 0 | G98: 0 | H98: 0 | I98: 0 | J98: 0 | K98: 0 | L98: 0 | M98: 0 | N98: 0 | O98: 0.79486089 | P98: 0 | Q98: 0.20513911 | R98: 0 | S98: 0 | T98: 0 | U98: 0 | V98: 0 | W98: 6.197896 | X98: 0.20513911 | Y98: 0.79486089 | Z98: Implement
A99: 6 | B99: ECN0000310 | C99: 10000073 | D99: FALSE | E99: 0 | F99: 0 | G99: 0 | H99: 0 | I99: 0 | J99: 0 | K99: 0 | L99: 0 | M99: 0 | N99: 0 | O99: 0.37812799 | P99: 0.24470835 | Q99: 0 | R99: 0 | S99: 0 | T99: 0 | U99: 0 | V99: 0.62187201 | W99: 6.6262042 | X99: 0 | Y99: 0.62187201 | Z99: Implement
A100: 6 | B100: ECN0000306 | C100: 10000033 | D100: FALSE | E100: 0 | F100: 0 | G100: 0 | H100: 0 | I100: 0 | J100: 0 | K100: 0 | L100: 0 | M100: 0 | N100: 0 | O100: 0 | P100: 0.22604809 | Q100: 0.066666667 | R100: 0.11232369 | S100: 0 | T100: 0.11232369 | U100: 0 | V100: 0.77395191 | W100: 6.4138664 | X100: 0.11232369 | Y100: 0.77395191 | Z100: Implement
...

Sheet Feuil1
A1: Iteración | B1: 10000033 | C1: 10000047 | D1: 10000073 | E1: 10000082 | F1: Total | H1: Iteración | I1: 10000033 | J1: 10000047 | K1: 10000073 | L1: 10000082
A2: 1 | B2: =IFERROR(AVERAGEIFS('Raw data'!$W$2:$W$1560,'Raw data'!$A$2:$A$1560,Feuil1!$A2,'Raw data'!$C$2:$C$1560,Feuil1!B$1),"") -> 6.3417863 | C2: =IFERROR(AVERAGEIFS('Raw data'!$W$2:$W$1560,'Raw data'!$A$2:$A$1560,Feuil1!$A2,'Raw data'!$C$2:$C$1560,Feuil1!C$1),"") | D2: =IFERROR(AVERAGEIFS('Raw data'!$W$2:$W$1560,'Raw data'!$A$2:$A$1560,Feuil1!$A2,'Raw data'!$C$2:$C$1560,Feuil1!D$1),"") -> 5.7531373 | E2: =IFERROR(AVERAGEIFS('Raw data'!$W$2:$W$1560,'Raw data'!$A$2:$A$1560,Feuil1!$A2,'Raw data'!$C$2:$C$1560,Feuil1!E$1),"") -> 3.5324164 | F2: =AVERAGE(B2:E2) -> 5.2091133 | H2: wait | I2: =COUNTIFS('Raw data'!$C:$C,Feuil1!I$1,'Raw data'!$Z:$Z,Feuil1!$H2) -> 46 | J2: =COUNTIFS('Raw data'!$C:$C,Feuil1!J$1,'Raw data'!$Z:$Z,Feuil1!$H2) -> 60 | K2: =COUNTIFS('Raw data'!$C:$C,Feuil1!K$1,'Raw data'!$Z:$Z,Feuil1!$H2) -> 68 | L2: =COUNTIFS('Raw data'!$C:$C,Feuil1!L$1,'Raw data'!$Z:$Z,Feuil1!$H2) -> 387
A3: 2 | B3: =IFERROR(AVERAGEIFS('Raw data'!$W$2:$W$1560,'Raw data'!$A$2:$A$1560,Feuil1!$A3,'Raw data'!$C$2:$C$1560,Feuil1!B$1),"") -> 5.1637201 | C3: =IFERROR(AVERAGEIFS('Raw data'!$W$2:$W$1560,'Raw data'!$A$2:$A$1560,Feuil1!$A3,'Raw data'!$C$2:$C$1560,Feuil1!C$1),"") -> 5.1602926 | D3: =IFERROR(AVERAGEIFS('Raw data'!$W$2:$W$1560,'Raw data'!$A$2:$A$1560,Feuil1!$A3,'Raw data'!$C$2:$C$1560,Feuil1!D$1),"") -> 4.6883005 | E3: =IFERROR(AVERAGEIFS('Raw data'!$W$2:$W$1560,'Raw data'!$A$2:$A$1560,Feuil1!$A3,'Raw data'!$C$2:$C$1560,Feuil1!E$1),"") -> 4.6938593 | F3: =AVERAGE(B3:E3) -> 4.9265431 | H3: implement | I3: =COUNTIFS('Raw data'!$C:$C,Feuil1!I$1,'Raw data'!$Z:$Z,Feuil1!$H3) -> 559 | J3: =COUNTIFS('Raw data'!$C:$C,Feuil1!J$1,'Raw data'!$Z:$Z,Feuil1!$H3) -> 237 | K3: =COUNTIFS('Raw data'!$C:$C,Feuil1!K$1,'Raw data'!$Z:$Z,Feuil1!$H3) -> 200 | L3: =COUNTIFS('Raw data'!$C:$C,Feuil1!L$1,'Raw data'!$Z:$Z,Feuil1!$H3) -> 2
A4: 3 | B4: =IFERROR(AVERAGEIFS('Raw data'!$W$2:$W$1560,'Raw data'!$A$2:$A$1560,Feuil1!$A4,'Raw data'!$C$2:$C$1560,Feuil1!B$1),"") -> 5.193223 | C4: =IFERROR(AVERAGEIFS('Raw data'!$W$2:$W$1560,'Raw data'!$A$2:$A$1560,Feuil1!$A4,'Raw data'!$C$2:$C$1560,Feuil1!C$1),"") -> 4.4337818 | D4: =IFERROR(AVERAGEIFS('Raw data'!$W$2:$W$1560,'Raw data'!$A$2:$A$1560,Feuil1!$A4,'Raw data'!$C$2:$C$1560,Feuil1!D$1),"") -> 5.6374521 | E4: =IFERROR(AVERAGEIFS('Raw data'!$W$2:$W$1560,'Raw data'!$A$2:$A$1560,Feuil1!$A4,'Raw data'!$C$2:$C$1560,Feuil1!E$1),"") -> 3.8321793 | F4: =AVERAGE(B4:E4) -> 4.774159
A5: 4 | B5: =IFERROR(AVERAGEIFS('Raw data'!$W$2:$W$1560,'Raw data'!$A$2:$A$1560,Feuil1!$A5,'Raw data'!$C$2:$C$1560,Feuil1!B$1),"") -> 5.8881674 | C5: =IFERROR(AVERAGEIFS('Raw data'!$W$2:$W$1560,'Raw data'!$A$2:$A$1560,Feuil1!$A5,'Raw data'!$C$2:$C$1560,Feuil1!C$1),"") -> 5.7995066 | D5: =IFERROR(AVERAGEIFS('Raw data'!$W$2:$W$1560,'Raw data'!$A$2:$A$1560,Feuil1!$A5,'Raw data'!$C$2:$C$1560,Feuil1!D$1),"") -> 5.7167576 | E5: =IFERROR(AVERAGEIFS('Raw data'!$W$2:$W$1560,'Raw data'!$A$2:$A$1560,Feuil1!$A5,'Raw data'!$C$2:$C$1560,Feuil1!E$1),"") -> 3.7516628 | F5: =AVERAGE(B5:E5) -> 5.2890236
A6: 5 | B6: =IFERROR(AVERAGEIFS('Raw data'!$W$2:$W$1560,'Raw data'!$A$2:$A$1560,Feuil1!$A6,'Raw data'!$C$2:$C$1560,Feuil1!B$1),"") -> 6.4762351 | C6: =IFERROR(AVERAGEIFS('Raw data'!$W$2:$W$1560,'Raw data'!$A$2:$A$1560,Feuil1!$A6,'Raw data'!$C$2:$C$1560,Feuil1!C$1),"") -> 5.5620402 | D6: =IFERROR(AVERAGEIFS('Raw data'!$W$2:$W$1560,'Raw data'!$A$2:$A$1560,Feuil1!$A6,'Raw data'!$C$2:$C$1560,Feuil1!D$1),"") -> 4.677634 | E6: =IFERROR(AVERAGEIFS('Raw data'!$W$2:$W$1560,'Raw data'!$A$2:$A$1560,Feuil1!$A6,'Raw data'!$C$2:$C$1560,Feuil1!E$1),"") -> 3.8818446 | F6: =AVERAGE(B6:E6) -> 5.1494385
A7: 6 | B7: =IFERROR(AVERAGEIFS('Raw data'!$W$2:$W$1560,'Raw data'!$A$2:$A$1560,Feuil1!$A7,'Raw data'!$C$2:$C$1560,Feuil1!B$1),"") -> 6.2538247 | C7: =IFERROR(AVERAGEIFS('Raw data'!$W$2:$W$1560,'Raw data'!$A$2:$A$1560,Feuil1!$A7,'Raw data'!$C$2:$C$1560,Feuil1!C$1),"") -> 6.2183775 | D7: =IFERROR(AVERAGEIFS('Raw data'!$W$2:$W$1560,'Raw data'!$A$2:$A$1560,Feuil1!$A7,'Raw data'!$C$2:$C$1560,Feuil1!D$1),"") -> 6.244278 | E7: =IFERROR(AVERAGEIFS('Raw data'!$W$2:$W$1560,'Raw data'!$A$2:$A$1560,Feuil1!$A7,'Raw data'!$C$2:$C$1560,Feuil1!E$1),"") -> 3.7008822 | F7: =AVERAGE(B7:E7) -> 5.6043406
A8: 7 | B8: =IFERROR(AVERAGEIFS('Raw data'!$W$2:$W$1560,'Raw data'!$A$2:$A$1560,Feuil1!$A8,'Raw data'!$C$2:$C$1560,Feuil1!B$1),"") -> 6.0919113 | C8: =IFERROR(AVERAGEIFS('Raw data'!$W$2:$W$1560,'Raw data'!$A$2:$A$1560,Feuil1!$A8,'Raw data'!$C$2:$C$1560,Feuil1!C$1),"") -> 5.7330738 | D8: =IFERROR(AVERAGEIFS('Raw data'!$W$2:$W$1560,'Raw data'!$A$2:$A$1560,Feuil1!$A8,'Raw data'!$C$2:$C$1560,Feuil1!D$1),"") -> 5.7234832 | E8: =IFERROR(AVERAGEIFS('Raw data'!$W$2:$W$1560,'Raw data'!$A$2:$A$1560,Feuil1!$A8,'Raw data'!$C$2:$C$1560,Feuil1!E$1),"") -> 4.7200922 | F8: =AVERAGE(B8:E8) -> 5.5671401
A9: 8 | B9: =IFERROR(AVERAGEIFS('Raw data'!$W$2:$W$1560,'Raw data'!$A$2:$A$1560,Feuil1!$A9,'Raw data'!$C$2:$C$1560,Feuil1!B$1),"") -> 5.5194174 | C9: =IFERROR(AVERAGEIFS('Raw data'!$W$2:$W$1560,'Raw data'!$A$2:$A$1560,Feuil1!$A9,'Raw data'!$C$2:$C$1560,Feuil1!C$1),"") -> 4.7182291 | D9: =IFERROR(AVERAGEIFS('Raw data'!$W$2:$W$1560,'Raw data'!$A$2:$A$1560,Feuil1!$A9,'Raw data'!$C$2:$C$1560,Feuil1!D$1),"") -> 5.1832422 | E9: =IFERROR(AVERAGEIFS('Raw data'!$W$2:$W$1560,'Raw data'!$A$2:$A$1560,Feuil1!$A9,'Raw data'!$C$2:$C$1560,Feuil1!E$1),"") -> 4.9570234 | F9: =AVERAGE(B9:E9) -> 5.094478
A10: 9 | B10: =IFERROR(AVERAGEIFS('Raw data'!$W$2:$W$1560,'Raw data'!$A$2:$A$1560,Feuil1!$A10,'Raw data'!$C$2:$C$1560,Feuil1!B$1),"") -> 5.9312037 | C10: =IFERROR(AVERAGEIFS('Raw data'!$W$2:$W$1560,'Raw data'!$A$2:$A$1560,Feuil1!$A10,'Raw data'!$C$2:$C$1560,Feuil1!C$1),"") -> 6.1054474 | D10: =IFERROR(AVERAGEIFS('Raw data'!$W$2:$W$1560,'Raw data'!$A$2:$A$1560,Feuil1!$A10,'Raw data'!$C$2:$C$1560,Feuil1!D$1),"") -> 4.3843474 | E10: =IFERROR(AVERAGEIFS('Raw data'!$W$2:$W$1560,'Raw data'!$A$2:$A$1560,Feuil1!$A10,'Raw data'!$C$2:$C$1560,Feuil1!E$1),"") -> 3.9336805 | F10: =AVERAGE(B10:E10) -> 5.0886698
A11: 10 | B11: =IFERROR(AVERAGEIFS('Raw data'!$W$2:$W$1560,'Raw data'!$A$2:$A$1560,Feuil1!$A11,'Raw data'!$C$2:$C$1560,Feuil1!B$1),"") -> 5.7696624 | C11: =IFERROR(AVERAGEIFS('Raw data'!$W$2:$W$1560,'Raw data'!$A$2:$A$1560,Feuil1!$A11,'Raw data'!$C$2:$C$1560,Feuil1!C$1),"") -> 5.1953211 | D11: =IFERROR(AVERAGEIFS('Raw data'!$W$2:$W$1560,'Raw data'!$A$2:$A$1560,Feuil1!$A11,'Raw data'!$C$2:$C$1560,Feuil1!D$1),"") -> 5.7302159 | E11: =IFERROR(AVERAGEIFS('Raw data'!$W$2:$W$1560,'Raw data'!$A$2:$A$1560,Feuil1!$A11,'Raw data'!$C$2:$C$1560,Feuil1!E$1),"") -> 3.8322645 | F11: =AVERAGE(B11:E11) -> 5.131866
A12: 11 | B12: =IFERROR(AVERAGEIFS('Raw data'!$W$2:$W$1560,'Raw data'!$A$2:$A$1560,Feuil1!$A12,'Raw data'!$C$2:$C$1560,Feuil1!B$1),"") -> 5.9628633 | C12: =IFERROR(AVERAGEIFS('Raw data'!$W$2:$W$1560,'Raw data'!$A$2:$A$1560,Feuil1!$A12,'Raw data'!$C$2:$C$1560,Feuil1!C$1),"") -> 5.7158814 | D12: =IFERROR(AVERAGEIFS('Raw data'!$W$2:$W$1560,'Raw data'!$A$2:$A$1560,Feuil1!$A12,'Raw data'!$C$2:$C$1560,Feuil1!D$1),"") -> 5.4018763 | E12: =IFERROR(AVERAGEIFS('Raw data'!$W$2:$W$1560,'Raw data'!$A$2:$A$1560,Feuil1!$A12,'Raw data'!$C$2:$C$1560,Feuil1!E$1),"") -> 4.1366786 | F12: =AVERAGE(B12:E12) -> 5.3043249
A13: 12 | B13: =IFERROR(AVERAGEIFS('Raw data'!$W$2:$W$1560,'Raw data'!$A$2:$A$1560,Feuil1!$A13,'Raw data'!$C$2:$C$1560,Feuil1!B$1),"") -> 5.142835 | C13: =IFERROR(AVERAGEIFS('Raw data'!$W$2:$W$1560,'Raw data'!$A$2:$A$1560,Feuil1!$A13,'Raw data'!$C$2:$C$1560,Feuil1!C$1),"") -> 5.1338677 | D13: =IFERROR(AVERAGEIFS('Raw data'!$W$2:$W$1560,'Raw data'!$A$2:$A$1560,Feuil1!$A13,'Raw data'!$C$2:$C$1560,Feuil1!D$1),"") -> 4.446712 | E13: =IFERROR(AVERAGEIFS('Raw data'!$W$2:$W$1560,'Raw data'!$A$2:$A$1560,Feuil1!$A13,'Raw data'!$C$2:$C$1560,Feuil1!E$1),"") -> 4.8816551 | F13: =AVERAGE(B13:E13) -> 4.9012674
A14: 13 | B14: =IFERROR(AVERAGEIFS('Raw data'!$W$2:$W$1560,'Raw data'!$A$2:$A$1560,Feuil1!$A14,'Raw data'!$C$2:$C$1560,Feuil1!B$1),"") -> 6.0243388 | C14: =IFERROR(AVERAGEIFS('Raw data'!$W$2:$W$1560,'Raw data'!$A$2:$A$1560,Feuil1!$A14,'Raw data'!$C$2:$C$1560,Feuil1!C$1),"") -> 6.007189 | D14: =IFERROR(AVERAGEIFS('Raw data'!$W$2:$W$1560,'Raw data'!$A$2:$A$1560,Feuil1!$A14,'Raw data'!$C$2:$C$1560,Feuil1!D$1),"") -> 5.6910822 | E14: =IFERROR(AVERAGEIFS('Raw data'!$W$2:$W$1560,'Raw data'!$A$2:$A$1560,Feuil1!$A14,'Raw data'!$C$2:$C$1560,Feuil1!E$1),"") -> 5.0015841 | F14: =AVERAGE(B14:E14) -> 5.6810485
A15: 14 | B15: =IFERROR(AVERAGEIFS('Raw data'!$W$2:$W$1560,'Raw data'!$A$2:$A$1560,Feuil1!$A15,'Raw data'!$C$2:$C$1560,Feuil1!B$1),"") -> 6.2374731 | C15: =IFERROR(AVERAGEIFS('Raw data'!$W$2:$W$1560,'Raw data'!$A$2:$A$1560,Feuil1!$A15,'Raw data'!$C$2:$C$1560,Feuil1!C$1),"") -> 6.3156286 | D15: =IFERROR(AVERAGEIFS('Raw data'!$W$2:$W$1560,'Raw data'!$A$2:$A$1560,Feuil1!$A15,'Raw data'!$C$2:$C$1560,Feuil1!D$1),"") -> 4.9569123 | E15: =IFERROR(AVERAGEIFS('Raw data'!$W$2:$W$1560,'Raw data'!$A$2:$A$1560,Feuil1!$A15,'Raw data'!$C$2:$C$1560,Feuil1!E$1),"") -> 4.5963302 | F15: =AVERAGE(B15:E15) -> 5.5265861
... A101: 100 | B101: =IFERROR(AVERAGEIFS('Raw data'!$W$2:$W$1560,'Raw data'!$A$2:$A$1560,Feuil1!$A101,'Raw data'!$C$2:$C$1560,Feuil1!B$1),"") -> 5.7425646 | C101: =IFERROR(AVERAGEIFS('Raw data'!$W$2:$W$1560,'Raw data'!$A$2:$A$1560,Feuil1!$A101,'Raw data'!$C$2:$C$1560,Feuil1!C$1),"") -> 5.3420354 | D101: =IFERROR(AVERAGEIFS('Raw data'!$W$2:$W$1560,'Raw data'!$A$2:$A$1560,Feuil1!$A101,'Raw data'!$C$2:$C$1560,Feuil1!D$1),"") -> 4.7844255 | E101: =IFERROR(AVERAGEIFS('Raw data'!$W$2:$W$1560,'Raw data'!$A$2:$A$1560,Feuil1!$A101,'Raw data'!$C$2:$C$1560,Feuil1!E$1),"") -> 3.2466446 | F101: =AVERAGE(B101:E101) -> 4.7789175
A102: Con AVG | B102: =AVERAGE(B2:B101) -> 5.9605441 | C102: =AVERAGE(C2:C101) -> 5.5471708 | D102: =AVERAGE(D2:D101) -> 5.2738081 | E102: =AVERAGE(E2:E101) -> 4.1630245 | F102: =AVERAGE(B2:E101) -> 5.236985
A103: Con STDV | B103: =STDEV(B2:B101) -> 0.36430021 | C103: =STDEV(C2:C101) -> 0.7034928 | D103: =STDEV(D2:D101) -> 0.60867453 | E103: =STDEV(E2:E101) -> 0.62806787 | F103: =STDEV(B2:E101) -> 0.89247986
A104: Ind AVG | B104: =AVERAGEIF(B2:B101,"<>""",B2:B101) -> 5.9605441 | C104: =AVERAGEIF(C2:C101,"<>""",C2:C101) -> 5.5471708 | D104: =AVERAGEIF(D2:D101,"<>""",D2:D101) -> 5.2738081 | E104: =AVERAGEIF(E2:E101,"<>""",E2:E101) -> 4.1630245 | F104: =AVERAGEIF(B4:E103,"<>""",B4:E103) -> 5.1922268
A105: Ind STDV | B105: {=STDEV(_xlfn._xlws.FILTER(B2:B101,B2:B101<>""))} -> 0.36430021 | C105: {=STDEV(_xlfn._xlws.FILTER(C2:C101,C2:C101<>""))} -> 0.7034928 | D105: {=STDEV(_xlfn._xlws.FILTER(D2:D101,D2:D101<>""))} -> 0.60867453 | E105: {=STDEV(_xlfn._xlws.FILTER(E2:E101,E2:E101<>""))} -> 0.62806787 | F105: {=STDEV(_xlfn.VSTACK(_xlfn._xlws.FILTER(B2:B101,B2:B101<>""),_xlfn._xlws.FILTER(C2:C101,B2:B101<>""),_xlfn._xlws.FILTER(D2:D101,B2:B101<>""),_xlfn._xlws.FILTER(E2:E101,B2:B101<>"")))} -> 0.89247986
