Workbook

Sheet Sheet1
A1: ECN | B1: Supplier ID | C1: Supplier name | D1: Quotation date | E1: No
A2: ECN0000916 | B2: 10000033 | C2: Tuberías ABC, S.A. de C.V. | D2: 45239 | E2: 1
A3: ECN0000301 | B3: 10000073 | C3: Tuberías GHI, S.A.S. | D3: 45243 | E3: =E2+1 -> 2
A4: ECN0000596 | B4: 10000073 | C4: Tuberías GHI, S.A.S. | D4: 45243 | E4: =E3+1 -> 3
A5: ECN0000813 | B5: 10000082 | C5: Tuberías Súper, S.A.P.I. | D5: 45245 | E5: =E4+1 -> 4
A6: ECN0000454 | B6: 10000073 | C6: Tuberías GHI, S.A.S. | D6: 45246 | E6: =E5+1 -> 5
A7: ECN0001065 | B7: 10000033 | C7: Tuberías ABC, S.A. de C.V. | D7: 45247 | E7: =E6+1 -> 6
A8: ECN0000951 | B8: 10000033 | C8: Tuberías ABC, S.A. de C.V. | D8: 45249 | E8: =E7+1 -> 7
A9: ECN0000534 | B9: 10000033 | C9: Tuberías ABC, S.A. de C.V. | D9: 45250 | E9: =E8+1 -> 8
A10: ECN0000302 | B10: 10000082 | C10: Tuberías Súper, S.A.P.I. | D10: 45251 | E10: =E9+1 -> 9
A11: ECN0001117 | B11: 10000082 | C11: Tuberías Súper, S.A.P.I. | D11: 45254 | E11: =E10+1 -> 10
A12: ECN0000918 | B12: 10000033 | C12: Tuberías ABC, S.A. de C.V. | D12: 45256 | E12: =E11+1 -> 11
A13: ECN0001205 | B13: 10000047 | C13: Tuberías DEF, S. de R.L. | D13: 45256 | E13: =E12+1 -> 12
A14: ECN0000543 | B14: 10000047 | C14: Tuberías DEF, S. de R.L. | D14: 45262 | E14: =E13+1 -> 13
... A1001: ECN0000328 | B1001: 10000033 | C1001: Tuberías ABC, S.A. de C.V. | D1001: 45772 | E1001: =E1000+1 -> 1000

Sheet Feuil1
E1: Tuberías ABC, S.A. de C.V. | H1: Tuberías DEF, S. de R.L. | K1: Tuberías GHI, S.A.S. | N1: Tuberías Súper, S.A.P.I.
A2: No | B2: WK | C2: Quotation date | D2: Tag | E2: ECN | F2: Added | G2: (x,y) | H2: ECN | I2: Added | J2: (x,y) | K2: ECN | L2: Added | M2: (x,y) | N2: ECN | O2: Added | P2: (x,y)
A3: 1 | B3: =_xlfn.ISOWEEKNUM(C3) -> 44 | C3: 45231 | D3: =_xlfn.CONCAT("{",TEXT(C3,"aaaa-mm-dd"),"},") -> {2023-11-01}, | E3: =COUNTIFS(Sheet1!$C:$C,Feuil1!E$1,Sheet1!$D:$D,Feuil1!$C3) -> 0 | F3: =E3 -> 0 | G3: =_xlfn.CONCAT("(",$A3,",",F3,")") -> (1,0) | H3: =COUNTIFS(Sheet1!$C:$C,Feuil1!H$1,Sheet1!$D:$D,Feuil1!$C3) -> 0 | I3: =H3 -> 0 | J3: =_xlfn.CONCAT("(",$A3,",",I3,")") -> (1,0) | K3: =COUNTIFS(Sheet1!$C:$C,Feuil1!K$1,Sheet1!$D:$D,Feuil1!$C3) -> 0 | L3: =K3 -> 0 | M3: =_xlfn.CONCAT("(",$A3,",",L3,")") -> (1,0) | N3: =COUNTIFS(Sheet1!$C:$C,Feuil1!N$1,Sheet1!$D:$D,Feuil1!$C3) -> 0 | O3: =N3 -> 0 | P3: =_xlfn.CONCAT("(",$A3,",",O3,")") -> (1,0)
A4: =A3+1 -> 2 | B4: =_xlfn.ISOWEEKNUM(C4) -> 44 | C4: =C3+1 -> 45232 | D4: =_xlfn.CONCAT("{",TEXT(C4,"aaaa-mm-dd"),"},") -> {2023-11-02}, | E4: =COUNTIFS(Sheet1!$C:$C,Feuil1!E$1,Sheet1!$D:$D,Feuil1!$C4) -> 0 | F4: =F3+E4 -> 0 | G4: =_xlfn.CONCAT("(",$A4,",",F4,")") -> (2,0) | H4: =COUNTIFS(Sheet1!$C:$C,Feuil1!H$1,Sheet1!$D:$D,Feuil1!$C4) -> 0 | I4: =I3+H4 -> 0 | J4: =_xlfn.CONCAT("(",$A4,",",I4,")") -> (2,0) | K4: =COUNTIFS(Sheet1!$C:$C,Feuil1!K$1,Sheet1!$D:$D,Feuil1!$C4) -> 0 | L4: =L3+K4 -> 0 | M4: =_xlfn.CONCAT("(",$A4,",",L4,")") -> (2,0) | N4: =COUNTIFS(Sheet1!$C:$C,Feuil1!N$1,Sheet1!$D:$D,Feuil1!$C4) -> 0 | O4: =O3+N4 -> 0 | P4: =_xlfn.CONCAT("(",$A4,",",O4,")") -> (2,0)
A5: =A4+1 -> 3 | B5: =_xlfn.ISOWEEKNUM(C5) -> 44 | C5: =C4+1 -> 45233 | D5: =_xlfn.CONCAT("{",TEXT(C5,"aaaa-mm-dd"),"},") -> {2023-11-03}, | E5: =COUNTIFS(Sheet1!$C:$C,Feuil1!E$1,Sheet1!$D:$D,Feuil1!$C5) -> 0 | F5: =F4+E5 -> 0 | G5: =_xlfn.CONCAT("(",$A5,",",F5,")") -> (3,0) | H5: =COUNTIFS(Sheet1!$C:$C,Feuil1!H$1,Sheet1!$D:$D,Feuil1!$C5) -> 0 | I5: =I4+H5 -> 0 | J5: =_xlfn.CONCAT("(",$A5,",",I5,")") -> (3,0) | K5: =COUNTIFS(Sheet1!$C:$C,Feuil1!K$1,Sheet1!$D:$D,Feuil1!$C5) -> 0 | L5: =L4+K5 -> 0 | M5: =_xlfn.CONCAT("(",$A5,",",L5,")") -> (3,0) | N5: =COUNTIFS(Sheet1!$C:$C,Feuil1!N$1,Sheet1!$D:$D,Feuil1!$C5) -> 0 | O5: =O4+N5 -> 0 | P5: =_xlfn.CONCAT("(",$A5,",",O5,")") -> (3,0)
A6: =A5+1 -> 4 | B6: =_xlfn.ISOWEEKNUM(C6) -> 44 | C6: =C5+1 -> 45234 | D6: =_xlfn.CONCAT("{",TEXT(C6,"aaaa-mm-dd"),"},") -> {2023-11-04}, | E6: =COUNTIFS(Sheet1!$C:$C,Feuil1!E$1,Sheet1!$D:$D,Feuil1!$C6) -> 0 | F6: =F5+E6 -> 0 | G6: =_xlfn.CONCAT("(",$A6,",",F6,")") -> (4,0) | H6: =COUNTIFS(Sheet1!$C:$C,Feuil1!H$1,Sheet1!$D:$D,Feuil1!$C6) -> 0 | I6: =I5+H6 -> 0 | J6: =_xlfn.CONCAT("(",$A6,",",I6,")") -> (4,0) | K6: =COUNTIFS(Sheet1!$C:$C,Feuil1!K$1,Sheet1!$D:$D,Feuil1!$C6) -> 0 | L6: =L5+K6 -> 0 | M6: =_xlfn.CONCAT("(",$A6,",",L6,")") -> (4,0) | N6: =COUNTIFS(Sheet1!$C:$C,Feuil1!N$1,Sheet1!$D:$D,Feuil1!$C6) -> 0 | O6: =O5+N6 -> 0 | P6: =_xlfn.CONCAT("(",$A6,",",O6,")") -> (4,0)
A7: =A6+1 -> 5 | B7: =_xlfn.ISOWEEKNUM(C7) -> 44 | C7: =C6+1 -> 45235 | D7: =_xlfn.CONCAT("{",TEXT(C7,"aaaa-mm-dd"),"},") -> {2023-11-05}, | E7: =COUNTIFS(Sheet1!$C:$C,Feuil1!E$1,Sheet1!$D:$D,Feuil1!$C7) -> 0 | F7: =F6+E7 -> 0 | G7: =_xlfn.CONCAT("(",$A7,",",F7,")") -> (5,0) | H7: =COUNTIFS(Sheet1!$C:$C,Feuil1!H$1,Sheet1!$D:$D,Feuil1!$C7) -> 0 | I7: =I6+H7 -> 0 | J7: =_xlfn.CONCAT("(",$A7,",",I7,")") -> (5,0) | K7: =COUNTIFS(Sheet1!$C:$C,Feuil1!K$1,Sheet1!$D:$D,Feuil1!$C7) -> 0 | L7: =L6+K7 -> 0 | M7: =_xlfn.CONCAT("(",$A7,",",L7,")") -> (5,0) | N7: =COUNTIFS(Sheet1!$C:$C,Feuil1!N$1,Sheet1!$D:$D,Feuil1!$C7) -> 0 | O7: =O6+N7 -> 0 | P7: =_xlfn.CONCAT("(",$A7,",",O7,")") -> (5,0)
A8: =A7+1 -> 6 | B8: =_xlfn.ISOWEEKNUM(C8) -> 45 | C8: =C7+1 -> 45236 | D8: =_xlfn.CONCAT("{",TEXT(C8,"aaaa-mm-dd"),"},") -> {2023-11-06}, | E8: =COUNTIFS(Sheet1!$C:$C,Feuil1!E$1,Sheet1!$D:$D,Feuil1!$C8) -> 0 | F8: =F7+E8 -> 0 | G8: =_xlfn.CONCAT("(",$A8,",",F8,")") -> (6,0) | H8: =COUNTIFS(Sheet1!$C:$C,Feuil1!H$1,Sheet1!$D:$D,Feuil1!$C8) -> 0 | I8: =I7+H8 -> 0 | J8: =_xlfn.CONCAT("(",$A8,",",I8,")") -> (6,0) | K8: =COUNTIFS(Sheet1!$C:$C,Feuil1!K$1,Sheet1!$D:$D,Feuil1!$C8) -> 0 | L8: =L7+K8 -> 0 | M8: =_xlfn.CONCAT("(",$A8,",",L8,")") -> (6,0) | N8: =COUNTIFS(Sheet1!$C:$C,Feuil1!N$1,Sheet1!$D:$D,Feuil1!$C8) -> 0 | O8: =O7+N8 -> 0 | P8: =_xlfn.CONCAT("(",$A8,",",O8,")") -> (6,0)
A9: =A8+1 -> 7 | B9: =_xlfn.ISOWEEKNUM(C9) -> 45 | C9: =C8+1 -> 45237 | D9: =_xlfn.CONCAT("{",TEXT(C9,"aaaa-mm-dd"),"},") -> {2023-11-07}, | E9: =COUNTIFS(Sheet1!$C:$C,Feuil1!E$1,Sheet1!$D:$D,Feuil1!$C9) -> 0 | F9: =F8+E9 -> 0 | G9: =_xlfn.CONCAT("(",$A9,",",F9,")") -> (7,0) | H9: =COUNTIFS(Sheet1!$C:$C,Feuil1!H$1,Sheet1!$D:$D,Feuil1!$C9) -> 0 | I9: =I8+H9 -> 0 | J9: =_xlfn.CONCAT("(",$A9,",",I9,")") -> (7,0) | K9: =COUNTIFS(Sheet1!$C:$C,Feuil1!K$1,Sheet1!$D:$D,Feuil1!$C9) -> 0 | L9: =L8+K9 -> 0 | M9: =_xlfn.CONCAT("(",$A9,",",L9,")") -> (7,0) | N9: =COUNTIFS(Sheet1!$C:$C,Feuil1!N$1,Sheet1!$D:$D,Feuil1!$C9) -> 0 | O9: =O8+N9 -> 0 | P9: =_xlfn.CONCAT("(",$A9,",",O9,")") -> (7,0)
A10: =A9+1 -> 8 | B10: =_xlfn.ISOWEEKNUM(C10) -> 45 | C10: =C9+1 -> 45238 | D10: =_xlfn.CONCAT("{",TEXT(C10,"aaaa-mm-dd"),"},") -> {2023-11-08}, | E10: =COUNTIFS(Sheet1!$C:$C,Feuil1!E$1,Sheet1!$D:$D,Feuil1!$C10) -> 0 | F10: =F9+E10 -> 0 | G10: =_xlfn.CONCAT("(",$A10,",",F10,")") -> (8,0) | H10: =COUNTIFS(Sheet1!$C:$C,Feuil1!H$1,Sheet1!$D:$D,Feuil1!$C10) -> 0 | I10: =I9+H10 -> 0 | J10: =_xlfn.CONCAT("(",$A10,",",I10,")") -> (8,0) | K10: =COUNTIFS(Sheet1!$C:$C,Feuil1!K$1,Sheet1!$D:$D,Feuil1!$C10) -> 0 | L10: =L9+K10 -> 0 | M10: =_xlfn.CONCAT("(",$A10,",",L10,")") -> (8,0) | N10: =COUNTIFS(Sheet1!$C:$C,Feuil1!N$1,Sheet1!$D:$D,Feuil1!$C10) -> 0 | O10: =O9+N10 -> 0 | P10: =_xlfn.CONCAT("(",$A10,",",O10,")") -> (8,0)
A11: =A10+1 -> 9 | B11: =_xlfn.ISOWEEKNUM(C11) -> 45 | C11: =C10+1 -> 45239 | D11: =_xlfn.CONCAT("{",TEXT(C11,"aaaa-mm-dd"),"},") -> {2023-11-09}, | E11: =COUNTIFS(Sheet1!$C:$C,Feuil1!E$1,Sheet1!$D:$D,Feuil1!$C11) -> 1 | F11: =F10+E11 -> 1 | G11: =_xlfn.CONCAT("(",$A11,",",F11,")") -> (9,1) | H11: =COUNTIFS(Sheet1!$C:$C,Feuil1!H$1,Sheet1!$D:$D,Feuil1!$C11) -> 0 | I11: =I10+H11 -> 0 | J11: =_xlfn.CONCAT("(",$A11,",",I11,")") -> (9,0) | K11: =COUNTIFS(Sheet1!$C:$C,Feuil1!K$1,Sheet1!$D:$D,Feuil1!$C11) -> 0 | L11: =L10+K11 -> 0 | M11: =_xlfn.CONCAT("(",$A11,",",L11,")") -> (9,0) | N11: =COUNTIFS(Sheet1!$C:$C,Feuil1!N$1,Sheet1!$D:$D,Feuil1!$C11) -> 0 | O11: =O10+N11 -> 0 | P11: =_xlfn.CONCAT("(",$A11,",",O11,")") -> (9,0)
A12: =A11+1 -> 10 | B12: =_xlfn.ISOWEEKNUM(C12) -> 45 | C12: =C11+1 -> 45240 | D12: =_xlfn.CONCAT("{",TEXT(C12,"aaaa-mm-dd"),"},") -> {2023-11-10}, | E12: =COUNTIFS(Sheet1!$C:$C,Feuil1!E$1,Sheet1!$D:$D,Feuil1!$C12) -> 0 | F12: =F11+E12 -> 1 | G12: =_xlfn.CONCAT("(",$A12,",",F12,")") -> (10,1) | H12: =COUNTIFS(Sheet1!$C:$C,Feuil1!H$1,Sheet1!$D:$D,Feuil1!$C12) -> 0 | I12: =I11+H12 -> 0 | J12: =_xlfn.CONCAT("(",$A12,",",I12,")") -> (10,0) | K12: =COUNTIFS(Sheet1!$C:$C,Feuil1!K$1,Sheet1!$D:$D,Feuil1!$C12) -> 0 | L12: =L11+K12 -> 0 | M12: =_xlfn.CONCAT("(",$A12,",",L12,")") -> (10,0) | N12: =COUNTIFS(Sheet1!$C:$C,Feuil1!N$1,Sheet1!$D:$D,Feuil1!$C12) -> 0 | O12: =O11+N12 -> 0 | P12: =_xlfn.CONCAT("(",$A12,",",O12,")") -> (10,0)
A13: =A12+1 -> 11 | B13: =_xlfn.ISOWEEKNUM(C13) -> 45 | C13: =C12+1 -> 45241 | D13: =_xlfn.CONCAT("{",TEXT(C13,"aaaa-mm-dd"),"},") -> {2023-11-11}, | E13: =COUNTIFS(Sheet1!$C:$C,Feuil1!E$1,Sheet1!$D:$D,Feuil1!$C13) -> 0 | F13: =F12+E13 -> 1 | G13: =_xlfn.CONCAT("(",$A13,",",F13,")") -> (11,1) | H13: =COUNTIFS(Sheet1!$C:$C,Feuil1!H$1,Sheet1!$D:$D,Feuil1!$C13) -> 0 | I13: =I12+H13 -> 0 | J13: =_xlfn.CONCAT("(",$A13,",",I13,")") -> (11,0) | K13: =COUNTIFS(Sheet1!$C:$C,Feuil1!K$1,Sheet1!$D:$D,Feuil1!$C13) -> 0 | L13: =L12+K13 -> 0 | M13: =_xlfn.CONCAT("(",$A13,",",L13,")") -> (11,0) | N13: =COUNTIFS(Sheet1!$C:$C,Feuil1!N$1,Sheet1!$D:$D,Feuil1!$C13) -> 0 | O13: =O12+N13 -> 0 | P13: =_xlfn.CONCAT("(",$A13,",",O13,")") -> (11,0)
A14: =A13+1 -> 12 | B14: =_xlfn.ISOWEEKNUM(C14) -> 45 | C14: =C13+1 -> 45242 | D14: =_xlfn.CONCAT("{",TEXT(C14,"aaaa-mm-dd"),"},") -> {2023-11-12}, | E14: =COUNTIFS(Sheet1!$C:$C,Feuil1!E$1,Sheet1!$D:$D,Feuil1!$C14) -> 0 | F14: =F13+E14 -> 1 | G14: =_xlfn.CONCAT("(",$A14,",",F14,")") -> (12,1) | H14: =COUNTIFS(Sheet1!$C:$C,Feuil1!H$1,Sheet1!$D:$D,Feuil1!$C14) -> 0 | I14: =I13+H14 -> 0 | J14: =_xlfn.CONCAT("(",$A14,",",I14,")") -> (12,0) | K14: =COUNTIFS(Sheet1!$C:$C,Feuil1!K$1,Sheet1!$D:$D,Feuil1!$C14) -> 0 | L14: =L13+K14 -> 0 | M14: =_xlfn.CONCAT("(",$A14,",",L14,")") -> (12,0) | N14: =COUNTIFS(Sheet1!$C:$C,Feuil1!N$1,Sheet1!$D:$D,Feuil1!$C14) -> 0 | O14: =O13+N14 -> 0 | P14: =_xlfn.CONCAT("(",$A14,",",O14,")") -> (12,0)
A15: =A14+1 -> 13 | B15: =_xlfn.ISOWEEKNUM(C15) -> 46 | C15: =C14+1 -> 45243 | D15: =_xlfn.CONCAT("{",TEXT(C15,"aaaa-mm-dd"),"},") -> {2023-11-13}, | E15: =COUNTIFS(Sheet1!$C:$C,Feuil1!E$1,Sheet1!$D:$D,Feuil1!$C15) -> 0 | F15: =F14+E15 -> 1 | G15: =_xlfn.CONCAT("(",$A15,",",F15,")") -> (13,1) | H15: =COUNTIFS(Sheet1!$C:$C,Feuil1!H$1,Sheet1!$D:$D,Feuil1!$C15) -> 0 | I15: =I14+H15 -> 0 | J15: =_xlfn.CONCAT("(",$A15,",",I15,")") -> (13,0) | K15: =COUNTIFS(Sheet1!$C:$C,Feuil1!K$1,Sheet1!$D:$D,Feuil1!$C15) -> 2 | L15: =L14+K15 -> 2 | M15: =_xlfn.CONCAT("(",$A15,",",L15,")") -> (13,2) | N15: =COUNTIFS(Sheet1!$C:$C,Feuil1!N$1,Sheet1!$D:$D,Feuil1!$C15) -> 0 | O15: =O14+N15 -> 0 | P15: =_xlfn.CONCAT("(",$A15,",",O15,")") -> (13,0)
... A94: =A93+1 -> 92 | B94: =_xlfn.ISOWEEKNUM(C94) -> 5 | C94: =C93+1 -> 45322 | D94: =_xlfn.CONCAT("{",TEXT(C94,"aaaa-mm-dd"),"},") -> {2024-01-31}, | E94: =COUNTIFS(Sheet1!$C:$C,Feuil1!E$1,Sheet1!$D:$D,Feuil1!$C94) -> 0 | F94: =F93+E94 -> 5 | G94: =_xlfn.CONCAT("(",$A94,",",F94,")") -> (92,5) | H94: =COUNTIFS(Sheet1!$C:$C,Feuil1!H$1,Sheet1!$D:$D,Feuil1!$C94) -> 0 | I94: =I93+H94 -> 12 | J94: =_xlfn.CONCAT("(",$A94,",",I94,")") -> (92,12) | K94: =COUNTIFS(Sheet1!$C:$C,Feuil1!K$1,Sheet1!$D:$D,Feuil1!$C94) -> 0 | L94: =L93+K94 -> 3 | M94: =_xlfn.CONCAT("(",$A94,",",L94,")") -> (92,3) | N94: =COUNTIFS(Sheet1!$C:$C,Feuil1!N$1,Sheet1!$D:$D,Feuil1!$C94) -> 2 | O94: =O93+N94 -> 27 | P94: =_xlfn.CONCAT("(",$A94,",",O94,")") -> (92,27)
A95: =A94+1 -> 93 | C95: =C94+1 -> 45323 | D95: =_xlfn.CONCAT("{",TEXT(C95,"aaaa-mm-dd"),"},") -> {2024-02-01}, | E95: =COUNTIFS(Sheet1!$C:$C,Feuil1!E$1,Sheet1!$D:$D,Feuil1!$C95) -> 0 | F95: =F94+E95 -> 5 | G95: =_xlfn.CONCAT("(",$A95,",",F95,")") -> (93,5) | H95: =COUNTIFS(Sheet1!$C:$C,Feuil1!H$1,Sheet1!$D:$D,Feuil1!$C95) -> 0 | I95: =I94+H95 -> 12 | J95: =_xlfn.CONCAT("(",$A95,",",I95,")") -> (93,12) | K95: =COUNTIFS(Sheet1!$C:$C,Feuil1!K$1,Sheet1!$D:$D,Feuil1!$C95) -> 0 | L95: =L94+K95 -> 3 | M95: =_xlfn.CONCAT("(",$A95,",",L95,")") -> (93,3) | N95: =COUNTIFS(Sheet1!$C:$C,Feuil1!N$1,Sheet1!$D:$D,Feuil1!$C95) -> 0 | O95: =O94+N95 -> 27 | P95: =_xlfn.CONCAT("(",$A95,",",O95,")") -> (93,27)
A96: =A95+1 -> 94 | C96: =C95+1 -> 45324 | D96: =_xlfn.CONCAT("{",TEXT(C96,"aaaa-mm-dd"),"},") -> {2024-02-02}, | E96: =COUNTIFS(Sheet1!$C:$C,Feuil1!E$1,Sheet1!$D:$D,Feuil1!$C96) -> 0 | F96: =F95+E96 -> 5 | G96: =_xlfn.CONCAT("(",$A96,",",F96,")") -> (94,5) | H96: =COUNTIFS(Sheet1!$C:$C,Feuil1!H$1,Sheet1!$D:$D,Feuil1!$C96) -> 0 | I96: =I95+H96 -> 12 | J96: =_xlfn.CONCAT("(",$A96,",",I96,")") -> (94,12) | K96: =COUNTIFS(Sheet1!$C:$C,Feuil1!K$1,Sheet1!$D:$D,Feuil1!$C96) -> 0 | L96: =L95+K96 -> 3 | M96: =_xlfn.CONCAT("(",$A96,",",L96,")") -> (94,3) | N96: =COUNTIFS(Sheet1!$C:$C,Feuil1!N$1,Sheet1!$D:$D,Feuil1!$C96) -> 0 | O96: =O95+N96 -> 27 | P96: =_xlfn.CONCAT("(",$A96,",",O96,")") -> (94,27)
A97: =A96+1 -> 95 | C97: =C96+1 -> 45325 | D97: =_xlfn.CONCAT("{",TEXT(C97,"aaaa-mm-dd"),"},") -> {2024-02-03}, | E97: =COUNTIFS(Sheet1!$C:$C,Feuil1!E$1,Sheet1!$D:$D,Feuil1!$C97) -> 0 | F97: =F96+E97 -> 5 | G97: =_xlfn.CONCAT("(",$A97,",",F97,")") -> (95,5) | H97: =COUNTIFS(Sheet1!$C:$C,Feuil1!H$1,Sheet1!$D:$D,Feuil1!$C97) -> 0 | I97: =I96+H97 -> 12 | J97: =_xlfn.CONCAT("(",$A97,",",I97,")") -> (95,12) | K97: =COUNTIFS(Sheet1!$C:$C,Feuil1!K$1,Sheet1!$D:$D,Feuil1!$C97) -> 0 | L97: =L96+K97 -> 3 | M97: =_xlfn.CONCAT("(",$A97,",",L97,")") -> (95,3) | N97: =COUNTIFS(Sheet1!$C:$C,Feuil1!N$1,Sheet1!$D:$D,Feuil1!$C97) -> 0 | O97: =O96+N97 -> 27 | P97: =_xlfn.CONCAT("(",$A97,",",O97,")") -> (95,27)
A98: =A97+1 -> 96 | C98: =C97+1 -> 45326 | D98: =_xlfn.CONCAT("{",TEXT(C98,"aaaa-mm-dd"),"},") -> {2024-02-04}, | E98: =COUNTIFS(Sheet1!$C:$C,Feuil1!E$1,Sheet1!$D:$D,Feuil1!$C98) -> 0 | F98: =F97+E98 -> 5 | G98: =_xlfn.CONCAT("(",$A98,",",F98,")") -> (96,5) | H98: =COUNTIFS(Sheet1!$C:$C,Feuil1!H$1,Sheet1!$D:$D,Feuil1!$C98) -> 0 | I98: =I97+H98 -> 12 | J98: =_xlfn.CONCAT("(",$A98,",",I98,")") -> (96,12) | K98: =COUNTIFS(Sheet1!$C:$C,Feuil1!K$1,Sheet1!$D:$D,Feuil1!$C98) -> 0 | L98: =L97+K98 -> 3 | M98: =_xlfn.CONCAT("(",$A98,",",L98,")") -> (96,3) | N98: =COUNTIFS(Sheet1!$C:$C,Feuil1!N$1,Sheet1!$D:$D,Feuil1!$C98) -> 0 | O98: =O97+N98 -> 27 | P98: =_xlfn.CONCAT("(",$A98,",",O98,")") -> (96,27)
A99: =A98+1 -> 97 | C99: =C98+1 -> 45327 | D99: =_xlfn.CONCAT("{",TEXT(C99,"aaaa-mm-dd"),"},") -> {2024-02-05}, | E99: =COUNTIFS(Sheet1!$C:$C,Feuil1!E$1,Sheet1!$D:$D,Feuil1!$C99) -> 0 | F99: =F98+E99 -> 5 | G99: =_xlfn.CONCAT("(",$A99,",",F99,")") -> (97,5) | H99: =COUNTIFS(Sheet1!$C:$C,Feuil1!H$1,Sheet1!$D:$D,Feuil1!$C99) -> 0 | I99: =I98+H99 -> 12 | J99: =_xlfn.CONCAT("(",$A99,",",I99,")") -> (97,12) | K99: =COUNTIFS(Sheet1!$C:$C,Feuil1!K$1,Sheet1!$D:$D,Feuil1!$C99) -> 0 | L99: =L98+K99 -> 3 | M99: =_xlfn.CONCAT("(",$A99,",",L99,")") -> (97,3) | N99: =COUNTIFS(Sheet1!$C:$C,Feuil1!N$1,Sheet1!$D:$D,Feuil1!$C99) -> 0 | O99: =O98+N99 -> 27 | P99: =_xlfn.CONCAT("(",$A99,",",O99,")") -> (97,27)
A100: =A99+1 -> 98 | C100: =C99+1 -> 45328 | D100: =_xlfn.CONCAT("{",TEXT(C100,"aaaa-mm-dd"),"},") -> {2024-02-06}, | E100: =COUNTIFS(Sheet1!$C:$C,Feuil1!E$1,Sheet1!$D:$D,Feuil1!$C100) -> 0 | F100: =F99+E100 -> 5 | G100: =_xlfn.CONCAT("(",$A100,",",F100,")") -> (98,5) | H100: =COUNTIFS(Sheet1!$C:$C,Feuil1!H$1,Sheet1!$D:$D,Feuil1!$C100) -> 0 | I100: =I99+H100 -> 12 | J100: =_xlfn.CONCAT("(",$A100,",",I100,")") -> (98,12) | K100: =COUNTIFS(Sheet1!$C:$C,Feuil1!K$1,Sheet1!$D:$D,Feuil1!$C100) -> 0 | L100: =L99+K100 -> 3 | M100: =_xlfn.CONCAT("(",$A100,",",L100,")") -> (98,3) | N100: =COUNTIFS(Sheet1!$C:$C,Feuil1!N$1,Sheet1!$D:$D,Feuil1!$C100) -> 2 | O100: =O99+N100 -> 29 | P100: =_xlfn.CONCAT("(",$A100,",",O100,")") -> (98,29)
A101: =A100+1 -> 99 | C101: =C100+1 -> 45329 | D101: =_xlfn.CONCAT("{",TEXT(C101,"aaaa-mm-dd"),"},") -> {2024-02-07}, | E101: =COUNTIFS(Sheet1!$C:$C,Feuil1!E$1,Sheet1!$D:$D,Feuil1!$C101) -> 0 | F101: =F100+E101 -> 5 | G101: =_xlfn.CONCAT("(",$A101,",",F101,")") -> (99,5) | H101: =COUNTIFS(Sheet1!$C:$C,Feuil1!H$1,Sheet1!$D:$D,Feuil1!$C101) -> 0 | I101: =I100+H101 -> 12 | J101: =_xlfn.CONCAT("(",$A101,",",I101,")") -> (99,12) | K101: =COUNTIFS(Sheet1!$C:$C,Feuil1!K$1,Sheet1!$D:$D,Feuil1!$C101) -> 0 | L101: =L100+K101 -> 3 | M101: =_xlfn.CONCAT("(",$A101,",",L101,")") -> (99,3) | N101: =COUNTIFS(Sheet1!$C:$C,Feuil1!N$1,Sheet1!$D:$D,Feuil1!$C101) -> 0 | O101: =O100+N101 -> 29 | P101: =_xlfn.CONCAT("(",$A101,",",O101,")") -> (99,29)
A102: =A101+1 -> 100 | C102: =C101+1 -> 45330 | D102: =_xlfn.CONCAT("{",TEXT(C102,"aaaa-mm-dd"),"},") -> {2024-02-08}, | E102: =COUNTIFS(Sheet1!$C:$C,Feuil1!E$1,Sheet1!$D:$D,Feuil1!$C102) -> 0 | F102: =F101+E102 -> 5 | G102: =_xlfn.CONCAT("(",$A102,",",F102,")") -> (100,5) | H102: =COUNTIFS(Sheet1!$C:$C,Feuil1!H$1,Sheet1!$D:$D,Feuil1!$C102) -> 0 | I102: =I101+H102 -> 12 | J102: =_xlfn.CONCAT("(",$A102,",",I102,")") -> (100,12) | K102: =COUNTIFS(Sheet1!$C:$C,Feuil1!K$1,Sheet1!$D:$D,Feuil1!$C102) -> 0 | L102: =L101+K102 -> 3 | M102: =_xlfn.CONCAT("(",$A102,",",L102,")") -> (100,3) | N102: =COUNTIFS(Sheet1!$C:$C,Feuil1!N$1,Sheet1!$D:$D,Feuil1!$C102) -> 0 | O102: =O101+N102 -> 29 | P102: =_xlfn.CONCAT("(",$A102,",",O102,")") -> (100,29)
A103: =A102+1 -> 101 | C103: =C102+1 -> 45331 | D103: =_xlfn.CONCAT("{",TEXT(C103,"aaaa-mm-dd"),"},") -> {2024-02-09}, | E103: =COUNTIFS(Sheet1!$C:$C,Feuil1!E$1,Sheet1!$D:$D,Feuil1!$C103) -> 0 | F103: =F102+E103 -> 5 | G103: =_xlfn.CONCAT("(",$A103,",",F103,")") -> (101,5) | H103: =COUNTIFS(Sheet1!$C:$C,Feuil1!H$1,Sheet1!$D:$D,Feuil1!$C103) -> 0 | I103: =I102+H103 -> 12 | J103: =_xlfn.CONCAT("(",$A103,",",I103,")") -> (101,12) | K103: =COUNTIFS(Sheet1!$C:$C,Feuil1!K$1,Sheet1!$D:$D,Feuil1!$C103) -> 0 | L103: =L102+K103 -> 3 | M103: =_xlfn.CONCAT("(",$A103,",",L103,")") -> (101,3) | N103: =COUNTIFS(Sheet1!$C:$C,Feuil1!N$1,Sheet1!$D:$D,Feuil1!$C103) -> 1 | O103: =O102+N103 -> 30 | P103: =_xlfn.CONCAT("(",$A103,",",O103,")") -> (101,30)
A104: =A103+1 -> 102 | C104: =C103+1 -> 45332 | D104: =_xlfn.CONCAT("{",TEXT(C104,"aaaa-mm-dd"),"},") -> {2024-02-10}, | E104: =COUNTIFS(Sheet1!$C:$C,Feuil1!E$1,Sheet1!$D:$D,Feuil1!$C104) -> 0 | F104: =F103+E104 -> 5 | G104: =_xlfn.CONCAT("(",$A104,",",F104,")") -> (102,5) | H104: =COUNTIFS(Sheet1!$C:$C,Feuil1!H$1,Sheet1!$D:$D,Feuil1!$C104) -> 0 | I104: =I103+H104 -> 12 | J104: =_xlfn.CONCAT("(",$A104,",",I104,")") -> (102,12) | K104: =COUNTIFS(Sheet1!$C:$C,Feuil1!K$1,Sheet1!$D:$D,Feuil1!$C104) -> 0 | L104: =L103+K104 -> 3 | M104: =_xlfn.CONCAT("(",$A104,",",L104,")") -> (102,3) | N104: =COUNTIFS(Sheet1!$C:$C,Feuil1!N$1,Sheet1!$D:$D,Feuil1!$C104) -> 2 | O104: =O103+N104 -> 32 | P104: =_xlfn.CONCAT("(",$A104,",",O104,")") -> (102,32)
A105: =A104+1 -> 103 | C105: =C104+1 -> 45333 | D105: =_xlfn.CONCAT("{",TEXT(C105,"aaaa-mm-dd"),"},") -> {2024-02-11}, | E105: =COUNTIFS(Sheet1!$C:$C,Feuil1!E$1,Sheet1!$D:$D,Feuil1!$C105) -> 0 | F105: =F104+E105 -> 5 | G105: =_xlfn.CONCAT("(",$A105,",",F105,")") -> (103,5) | H105: =COUNTIFS(Sheet1!$C:$C,Feuil1!H$1,Sheet1!$D:$D,Feuil1!$C105) -> 0 | I105: =I104+H105 -> 12 | J105: =_xlfn.CONCAT("(",$A105,",",I105,")") -> (103,12) | K105: =COUNTIFS(Sheet1!$C:$C,Feuil1!K$1,Sheet1!$D:$D,Feuil1!$C105) -> 0 | L105: =L104+K105 -> 3 | M105: =_xlfn.CONCAT("(",$A105,",",L105,")") -> (103,3) | N105: =COUNTIFS(Sheet1!$C:$C,Feuil1!N$1,Sheet1!$D:$D,Feuil1!$C105) -> 1 | O105: =O104+N105 -> 33 | P105: =_xlfn.CONCAT("(",$A105,",",O105,")") -> (103,33)
A106: =A105+1 -> 104 | C106: =C105+1 -> 45334 | D106: =_xlfn.CONCAT("{",TEXT(C106,"aaaa-mm-dd"),"},") -> {2024-02-12}, | E106: =COUNTIFS(Sheet1!$C:$C,Feuil1!E$1,Sheet1!$D:$D,Feuil1!$C106) -> 0 | F106: =F105+E106 -> 5 | G106: =_xlfn.CONCAT("(",$A106,",",F106,")") -> (104,5) | H106: =COUNTIFS(Sheet1!$C:$C,Feuil1!H$1,Sheet1!$D:$D,Feuil1!$C106) -> 0 | I106: =I105+H106 -> 12 | J106: =_xlfn.CONCAT("(",$A106,",",I106,")") -> (104,12) | K106: =COUNTIFS(Sheet1!$C:$C,Feuil1!K$1,Sheet1!$D:$D,Feuil1!$C106) -> 0 | L106: =L105+K106 -> 3 | M106: =_xlfn.CONCAT("(",$A106,",",L106,")") -> (104,3) | N106: =COUNTIFS(Sheet1!$C:$C,Feuil1!N$1,Sheet1!$D:$D,Feuil1!$C106) -> 0 | O106: =O105+N106 -> 33 | P106: =_xlfn.CONCAT("(",$A106,",",O106,")") -> (104,33)
... A550: =A549+1 -> 548 | C550: =C549+1 -> 45778 | D550: =_xlfn.CONCAT("{",TEXT(C550,"aaaa-mm-dd"),"},") -> {2025-05-01}, | E550: =COUNTIFS(Sheet1!$C:$C,Feuil1!E$1,Sheet1!$D:$D,Feuil1!$C550) -> 0 | F550: =F549+E550 -> 164 | G550: =_xlfn.CONCAT("(",$A550,",",F550,")") -> (548,164) | H550: =COUNTIFS(Sheet1!$C:$C,Feuil1!H$1,Sheet1!$D:$D,Feuil1!$C550) -> 0 | I550: =I549+H550 -> 32 | J550: =_xlfn.CONCAT("(",$A550,",",I550,")") -> (548,32) | K550: =COUNTIFS(Sheet1!$C:$C,Feuil1!K$1,Sheet1!$D:$D,Feuil1!$C550) -> 0 | L550: =L549+K550 -> 7 | M550: =_xlfn.CONCAT("(",$A550,",",L550,")") -> (548,7) | N550: =COUNTIFS(Sheet1!$C:$C,Feuil1!N$1,Sheet1!$D:$D,Feuil1!$C550) -> 0 | O550: =O549+N550 -> 797 | P550: =_xlfn.CONCAT("(",$A550,",",O550,")") -> (548,797)
